{"level":"info","message":"Server running in undefined mode on port 5000","service":"eye-identify-backend","timestamp":"2026-02-03T12:50:37.437Z"}
{"level":"info","message":"Server running in undefined mode on port 5000","service":"eye-identify-backend","timestamp":"2026-02-03T13:34:36.735Z"}
{"body":null,"level":"info","message":"Inbound Request","method":"POST","path":"/api/notifications/device-token","service":"eye-identify-backend","timestamp":"2026-02-03T13:35:46.668Z"}
{"body":{"email":"tayyabashahid03@gmail.com"},"level":"info","message":"Inbound Request","method":"POST","path":"/api/auth/login","service":"eye-identify-backend","timestamp":"2026-02-03T13:36:26.084Z"}
{"level":"error","message":"API Error secretOrPrivateKey must have a value","method":"POST","path":"/api/auth/login","service":"eye-identify-backend","stack":"Error: secretOrPrivateKey must have a value\n    at module.exports [as sign] (D:\\frontend test\\eye_dentify_backend\\node_modules\\jsonwebtoken\\sign.js:111:20)\n    at login (D:\\frontend test\\eye_dentify_backend\\controllers\\authController.js:52:37)","timestamp":"2026-02-03T13:36:26.180Z"}
{"body":{"email":"tayyabashahid03@gmail.com"},"level":"info","message":"Inbound Request","method":"POST","path":"/api/auth/login","service":"eye-identify-backend","timestamp":"2026-02-03T13:36:28.711Z"}
{"level":"error","message":"API Error secretOrPrivateKey must have a value","method":"POST","path":"/api/auth/login","service":"eye-identify-backend","stack":"Error: secretOrPrivateKey must have a value\n    at module.exports [as sign] (D:\\frontend test\\eye_dentify_backend\\node_modules\\jsonwebtoken\\sign.js:111:20)\n    at login (D:\\frontend test\\eye_dentify_backend\\controllers\\authController.js:52:37)","timestamp":"2026-02-03T13:36:28.783Z"}
{"body":{"email":"tayyabashahid03@gmail.com"},"level":"info","message":"Inbound Request","method":"POST","path":"/api/auth/login","service":"eye-identify-backend","timestamp":"2026-02-03T13:36:29.899Z"}
{"level":"error","message":"API Error secretOrPrivateKey must have a value","method":"POST","path":"/api/auth/login","service":"eye-identify-backend","stack":"Error: secretOrPrivateKey must have a value\n    at module.exports [as sign] (D:\\frontend test\\eye_dentify_backend\\node_modules\\jsonwebtoken\\sign.js:111:20)\n    at login (D:\\frontend test\\eye_dentify_backend\\controllers\\authController.js:52:37)","timestamp":"2026-02-03T13:36:29.970Z"}
{"level":"info","message":"Server running in undefined mode on port 5000","service":"eye-identify-backend","timestamp":"2026-02-03T13:38:05.893Z"}
{"body":null,"level":"info","message":"Inbound Request","method":"POST","path":"/api/notifications/device-token","service":"eye-identify-backend","timestamp":"2026-02-03T13:39:11.156Z"}
{"body":{"email":"tayyabashahid03@gmail.com"},"level":"info","message":"Inbound Request","method":"POST","path":"/api/auth/login","service":"eye-identify-backend","timestamp":"2026-02-03T13:39:48.820Z"}
{"body":{"email":"tayyabashahid03@gmail.com"},"level":"info","message":"Inbound Request","method":"POST","path":"/api/auth/login","service":"eye-identify-backend","timestamp":"2026-02-03T13:39:51.651Z"}
{"body":{"email":"tayyabashahid03@gmail.com"},"level":"info","message":"Inbound Request","method":"POST","path":"/api/auth/login","service":"eye-identify-backend","timestamp":"2026-02-03T13:39:55.060Z"}
{"body":{"email":"tayyabashahid03@gmail.com"},"level":"info","message":"Inbound Request","method":"POST","path":"/api/auth/login","service":"eye-identify-backend","timestamp":"2026-02-03T13:39:56.150Z"}
{"body":{"email":"tayyabashahid03@gmail.com"},"level":"info","message":"Inbound Request","method":"POST","path":"/api/auth/login","service":"eye-identify-backend","timestamp":"2026-02-03T13:39:56.960Z"}
{"body":{"email":"tayyabashahid03@gmail.com"},"level":"info","message":"Inbound Request","method":"POST","path":"/api/auth/login","service":"eye-identify-backend","timestamp":"2026-02-03T13:39:57.842Z"}
{"body":{"email":"tayyabashahid03@gmail.com"},"level":"info","message":"Inbound Request","method":"POST","path":"/api/auth/login","service":"eye-identify-backend","timestamp":"2026-02-03T13:39:58.701Z"}
{"body":{"email":"tayyabashahid03@gmail.com"},"level":"info","message":"Inbound Request","method":"POST","path":"/api/auth/login","service":"eye-identify-backend","timestamp":"2026-02-03T13:39:59.629Z"}
{"level":"info","message":"Server running in undefined mode on port 5000","service":"eye-identify-backend","timestamp":"2026-02-03T13:41:24.387Z"}
{"body":{"email":"tayyabashahid03@gmail.com"},"level":"info","message":"Inbound Request","method":"POST","path":"/api/auth/login","service":"eye-identify-backend","timestamp":"2026-02-03T13:41:33.301Z"}
{"body":{"email":"tayyabashahid03@gmail.com"},"level":"info","message":"Inbound Request","method":"POST","path":"/api/auth/login","service":"eye-identify-backend","timestamp":"2026-02-03T13:41:34.178Z"}
{"body":{"email":"tayyabashahid03@gmail.com"},"level":"info","message":"Inbound Request","method":"POST","path":"/api/auth/login","service":"eye-identify-backend","timestamp":"2026-02-03T13:41:35.098Z"}
{"body":{"email":"tayyabashahid03@gmail.com"},"level":"info","message":"Inbound Request","method":"POST","path":"/api/auth/login","service":"eye-identify-backend","timestamp":"2026-02-03T13:41:48.549Z"}
{"body":{"email":"tayyabashahid03@gmail.com"},"level":"info","message":"Inbound Request","method":"POST","path":"/api/auth/login","service":"eye-identify-backend","timestamp":"2026-02-03T13:42:01.582Z"}
{"body":null,"level":"info","message":"Inbound Request","method":"POST","path":"/api/notifications/device-token","service":"eye-identify-backend","timestamp":"2026-02-03T13:43:12.852Z"}
{"body":{"email":"tayyabashahid03@gmail.com"},"level":"info","message":"Inbound Request","method":"POST","path":"/api/auth/login","service":"eye-identify-backend","timestamp":"2026-02-03T13:43:41.830Z"}
{"body":{"email":"tayyabashahid03@gmail.com"},"level":"info","message":"Inbound Request","method":"POST","path":"/api/auth/login","service":"eye-identify-backend","timestamp":"2026-02-03T13:43:43.143Z"}
{"body":{"email":"tayyabashahid03@gmail.com"},"level":"info","message":"Inbound Request","method":"POST","path":"/api/auth/login","service":"eye-identify-backend","timestamp":"2026-02-03T13:43:56.783Z"}
{"level":"info","message":"Server running in undefined mode on port 5000","service":"eye-identify-backend","timestamp":"2026-02-03T13:44:49.698Z"}
{"body":{"email":"tayyabashahid03@gmail.com"},"level":"info","message":"Inbound Request","method":"POST","path":"/api/auth/login","service":"eye-identify-backend","timestamp":"2026-02-03T13:44:54.719Z"}
{"level":"info","message":"Server running in undefined mode on port 5000","service":"eye-identify-backend","timestamp":"2026-02-03T13:50:07.763Z"}
{"body":{"email":"tayyabashahid03@gmail.com"},"level":"info","message":"Inbound Request","method":"POST","path":"/api/auth/login","service":"eye-identify-backend","timestamp":"2026-02-03T13:51:39.066Z"}
{"body":{"email":"tayyabashahid03@gmail.com"},"level":"info","message":"Inbound Request","method":"POST","path":"/api/auth/login","service":"eye-identify-backend","timestamp":"2026-02-03T13:51:51.854Z"}
{"body":{"email":"tayyabashahid03@gmail.com"},"level":"info","message":"Inbound Request","method":"POST","path":"/api/auth/login","service":"eye-identify-backend","timestamp":"2026-02-03T13:51:53.312Z"}
{"body":{"email":"tayyabashahid03@gmail.com"},"level":"info","message":"Inbound Request","method":"POST","path":"/api/auth/login","service":"eye-identify-backend","timestamp":"2026-02-03T13:51:54.210Z"}
{"body":{"email":"tayyabashahid03@gmail.com"},"level":"info","message":"Inbound Request","method":"POST","path":"/api/auth/login","service":"eye-identify-backend","timestamp":"2026-02-03T13:51:54.998Z"}
{"body":{"email":"tayyabashahid03@gmail.com"},"level":"info","message":"Inbound Request","method":"POST","path":"/api/auth/login","service":"eye-identify-backend","timestamp":"2026-02-03T13:51:56.112Z"}
{"body":{"email":"tayyabashahid03@gmail.com"},"level":"info","message":"Inbound Request","method":"POST","path":"/api/auth/login","service":"eye-identify-backend","timestamp":"2026-02-03T13:51:56.878Z"}
{"body":{"email":"tayyabashahid03@gmail.com"},"level":"info","message":"Inbound Request","method":"POST","path":"/api/auth/login","service":"eye-identify-backend","timestamp":"2026-02-03T13:51:57.496Z"}
{"body":{"email":"tayyabashahid03@gmail.com"},"level":"info","message":"Inbound Request","method":"POST","path":"/api/auth/login","service":"eye-identify-backend","timestamp":"2026-02-03T13:51:58.021Z"}
{"body":{"email":"tayyabashahid03@gmail.com"},"level":"info","message":"Inbound Request","method":"POST","path":"/api/auth/login","service":"eye-identify-backend","timestamp":"2026-02-03T13:51:58.763Z"}
{"body":{"email":"tayyabashahid03@gmail.com"},"level":"info","message":"Inbound Request","method":"POST","path":"/api/auth/login","service":"eye-identify-backend","timestamp":"2026-02-03T13:51:59.419Z"}
{"body":null,"level":"info","message":"Inbound Request","method":"POST","path":"/api/notifications/device-token","service":"eye-identify-backend","timestamp":"2026-02-03T13:52:48.349Z"}
{"body":null,"level":"info","message":"Inbound Request","method":"GET","path":"/api/alerts/my","service":"eye-identify-backend","timestamp":"2026-02-03T13:52:53.460Z"}
{"body":null,"level":"info","message":"Inbound Request","method":"GET","path":"/api/missing-persons/my","service":"eye-identify-backend","timestamp":"2026-02-03T13:52:53.464Z"}
{"body":null,"level":"info","message":"Inbound Request","method":"GET","path":"/api/missing-persons","service":"eye-identify-backend","timestamp":"2026-02-03T13:52:53.468Z"}
{"body":{"email":"tayyabashahid03@gmail.com"},"level":"info","message":"Inbound Request","method":"POST","path":"/api/auth/login","service":"eye-identify-backend","timestamp":"2026-02-03T13:53:18.142Z"}
{"body":{"email":"tayyabashahid03@gmail.com"},"level":"info","message":"Inbound Request","method":"POST","path":"/api/auth/login","service":"eye-identify-backend","timestamp":"2026-02-03T13:53:21.762Z"}
{"body":{"email":"tayyabashahid03@gmail.com"},"level":"info","message":"Inbound Request","method":"POST","path":"/api/auth/login","service":"eye-identify-backend","timestamp":"2026-02-03T13:53:23.085Z"}
{"body":{"email":"tayyabashahid03@gmail.com"},"level":"info","message":"Inbound Request","method":"POST","path":"/api/auth/login","service":"eye-identify-backend","timestamp":"2026-02-03T13:53:23.985Z"}
{"body":{"email":"idugiu@gmail.com","full_name":"jhcjh","phone_number":"03210020020","role":"citizen"},"level":"info","message":"Inbound Request","method":"POST","path":"/api/auth/register","service":"eye-identify-backend","timestamp":"2026-02-03T13:53:55.104Z"}
{"level":"info","message":"Server running in undefined mode on port 5001","service":"eye-identify-backend","timestamp":"2026-02-03T13:59:46.934Z"}
{"body":null,"level":"info","message":"Inbound Request","method":"POST","path":"/api/notifications/device-token","service":"eye-identify-backend","timestamp":"2026-02-03T14:00:49.407Z"}
{"body":null,"level":"info","message":"Inbound Request","method":"GET","path":"/api/alerts/my","service":"eye-identify-backend","timestamp":"2026-02-03T14:00:54.365Z"}
{"body":null,"level":"info","message":"Inbound Request","method":"GET","path":"/api/missing-persons/my","service":"eye-identify-backend","timestamp":"2026-02-03T14:00:54.369Z"}
{"body":null,"level":"info","message":"Inbound Request","method":"GET","path":"/api/missing-persons","service":"eye-identify-backend","timestamp":"2026-02-03T14:00:54.372Z"}
{"body":{"email":"abc@gmail.com"},"level":"info","message":"Inbound Request","method":"POST","path":"/api/auth/login","service":"eye-identify-backend","timestamp":"2026-02-03T14:02:38.085Z"}
{"body":{"email":"abc@gmail.com"},"level":"info","message":"Inbound Request","method":"POST","path":"/api/auth/login","service":"eye-identify-backend","timestamp":"2026-02-03T14:02:42.735Z"}
{"body":{"email":"abc@gmail.com"},"level":"info","message":"Inbound Request","method":"POST","path":"/api/auth/login","service":"eye-identify-backend","timestamp":"2026-02-03T14:03:51.333Z"}
{"level":"info","message":"Server running in undefined mode on port 5001","service":"eye-identify-backend","timestamp":"2026-02-03T14:04:08.063Z"}
{"body":{"email":"abc@gmail.com"},"level":"info","message":"Inbound Request","method":"POST","path":"/api/auth/login","service":"eye-identify-backend","timestamp":"2026-02-03T14:04:16.118Z"}
{"body":null,"level":"info","message":"Inbound Request","method":"GET","path":"/api/alerts/my","service":"eye-identify-backend","timestamp":"2026-02-03T14:04:16.431Z"}
{"body":null,"level":"info","message":"Inbound Request","method":"GET","path":"/api/missing-persons/my","service":"eye-identify-backend","timestamp":"2026-02-03T14:04:16.447Z"}
{"body":null,"level":"info","message":"Inbound Request","method":"GET","path":"/api/missing-persons","service":"eye-identify-backend","timestamp":"2026-02-03T14:04:16.450Z"}
{"body":{"email":"abc@gmail.com"},"level":"info","message":"Inbound Request","method":"POST","path":"/api/auth/login","service":"eye-identify-backend","timestamp":"2026-02-03T14:04:48.051Z"}
{"body":null,"level":"info","message":"Inbound Request","method":"GET","path":"/api/alerts/my","service":"eye-identify-backend","timestamp":"2026-02-03T14:04:48.282Z"}
{"body":null,"level":"info","message":"Inbound Request","method":"GET","path":"/api/missing-persons/my","service":"eye-identify-backend","timestamp":"2026-02-03T14:04:48.327Z"}
{"body":null,"level":"info","message":"Inbound Request","method":"GET","path":"/api/missing-persons","service":"eye-identify-backend","timestamp":"2026-02-03T14:04:48.330Z"}
{"level":"info","message":"Server running in undefined mode on port 5001","service":"eye-identify-backend","timestamp":"2026-02-04T08:41:44.683Z"}
{"level":"info","message":"Alert expiry worker started (30000ms)","service":"eye-identify-backend","timestamp":"2026-02-04T08:41:44.693Z"}
{"body":{"bbox":{"h":140,"w":120,"x":10,"y":22},"camera_id":"1","clothing_score":0.72,"detection_timestamp":"2026-02-04T12:45:00Z","embedding":[0.1,0.2],"face_score":0.86,"snapshot_base64":"/9j/4AAQSkZJRgABAQAAAQABAAD/2wBDAP//////////////////////////////////////////////////////////////////////////////////////2wBDAf//////////////////////////////////////////////////////////////////////////////////////wAARCAAQABADASIAAhEBAxEB/8QAFQABAQAAAAAAAAAAAAAAAAAAAAf/xAAUEAEAAAAAAAAAAAAAAAAAAAAA/9oADAMBAAIQAxAAAAGoAP/EABQQAQAAAAAAAAAAAAAAAAAAAAD/2gAIAQEAAQUCqf/EABQRAQAAAAAAAAAAAAAAAAAAAAD/2gAIAQMBAT8Bp//EABQRAQAAAAAAAAAAAAAAAAAAAAD/2gAIAQIBAT8Bp//EABQQAQAAAAAAAAAAAAAAAAAAAAD/2gAIAQEABj8Cf//Z","track_id":"track-123"},"level":"info","message":"Inbound Request","method":"POST","path":"/api/detections/ingest","service":"eye-identify-backend","timestamp":"2026-02-04T08:42:11.087Z"}
{"error":"{\n  \"error\": {\n    \"code\": 404,\n    \"message\": \"The specified bucket does not exist.\",\n    \"errors\": [\n      {\n        \"message\": \"The specified bucket does not exist.\",\n        \"domain\": \"global\",\n        \"reason\": \"notFound\"\n      }\n    ]\n  }\n}\n","level":"error","message":"Firebase Storage upload failed","service":"eye-identify-backend","timestamp":"2026-02-04T08:42:13.691Z"}
{"error":"null value in column \"missing_person_id\" of relation \"detections\" violates not-null constraint","level":"error","message":"Detection ingest failed","service":"eye-identify-backend","timestamp":"2026-02-04T08:42:13.748Z"}
{"error":"invalid input value for enum alert_status: \"expired\"","level":"error","message":"Alert expiry sweep failed","service":"eye-identify-backend","timestamp":"2026-02-04T08:42:14.805Z"}
{"error":"invalid input value for enum alert_status: \"expired\"","level":"error","message":"Alert expiry sweep failed","service":"eye-identify-backend","timestamp":"2026-02-04T08:42:44.870Z"}
{"error":"invalid input value for enum alert_status: \"expired\"","level":"error","message":"Alert expiry sweep failed","service":"eye-identify-backend","timestamp":"2026-02-04T08:43:14.889Z"}
{"error":"invalid input value for enum alert_status: \"expired\"","level":"error","message":"Alert expiry sweep failed","service":"eye-identify-backend","timestamp":"2026-02-04T08:43:44.810Z"}
{"error":"invalid input value for enum alert_status: \"expired\"","level":"error","message":"Alert expiry sweep failed","service":"eye-identify-backend","timestamp":"2026-02-04T08:44:14.896Z"}
{"error":"invalid input value for enum alert_status: \"expired\"","level":"error","message":"Alert expiry sweep failed","service":"eye-identify-backend","timestamp":"2026-02-04T08:44:44.835Z"}
{"level":"info","message":"Server running in undefined mode on port 5001","service":"eye-identify-backend","timestamp":"2026-02-04T08:45:04.099Z"}
{"level":"info","message":"Alert expiry worker started (30000ms)","service":"eye-identify-backend","timestamp":"2026-02-04T08:45:04.105Z"}
{"body":{"bbox":{"h":140,"w":120,"x":10,"y":22},"camera_id":"1","clothing_score":0.72,"detection_timestamp":"2026-02-04T12:45:00Z","embedding":[0.1,0.2],"face_score":0.86,"missing_person_id":1,"snapshot_base64":"/9j/4AAQSkZJRgABAQAAAQABAAD/2wBDAP//////////////////////////////////////////////////////////////////////////////////////2wBDAf//////////////////////////////////////////////////////////////////////////////////////wAARCAAQABADASIAAhEBAxEB/8QAFQABAQAAAAAAAAAAAAAAAAAAAAf/xAAUEAEAAAAAAAAAAAAAAAAAAAAA/9oADAMBAAIQAxAAAAGoAP/EABQQAQAAAAAAAAAAAAAAAAAAAAD/2gAIAQEAAQUCqf/EABQRAQAAAAAAAAAAAAAAAAAAAAD/2gAIAQMBAT8Bp//EABQRAQAAAAAAAAAAAAAAAAAAAAD/2gAIAQIBAT8Bp//EABQQAQAAAAAAAAAAAAAAAAAAAAD/2gAIAQEABj8Cf//Z","track_id":"track-123"},"level":"info","message":"Inbound Request","method":"POST","path":"/api/detections/ingest","service":"eye-identify-backend","timestamp":"2026-02-04T08:45:16.046Z"}
{"error":"{\n  \"error\": {\n    \"code\": 404,\n    \"message\": \"The specified bucket does not exist.\",\n    \"errors\": [\n      {\n        \"message\": \"The specified bucket does not exist.\",\n        \"domain\": \"global\",\n        \"reason\": \"notFound\"\n      }\n    ]\n  }\n}\n","level":"error","message":"Firebase Storage upload failed","service":"eye-identify-backend","timestamp":"2026-02-04T08:45:18.682Z"}
{"error":"new row for relation \"detections\" violates check constraint \"valid_scores\"","level":"error","message":"Detection ingest failed","service":"eye-identify-backend","timestamp":"2026-02-04T08:45:18.723Z"}
{"error":"invalid input value for enum alert_status: \"expired\"","level":"error","message":"Alert expiry sweep failed","service":"eye-identify-backend","timestamp":"2026-02-04T08:45:34.239Z"}
{"level":"info","message":"Server running in undefined mode on port 5001","service":"eye-identify-backend","timestamp":"2026-02-04T08:46:04.338Z"}
{"level":"info","message":"Alert expiry worker started (30000ms)","service":"eye-identify-backend","timestamp":"2026-02-04T08:46:04.341Z"}
{"body":{"bbox":{"h":140,"w":120,"x":10,"y":22},"camera_id":"1","clothing_score":0.72,"detection_timestamp":"2026-02-04T12:45:00Z","embedding":[0.1,0.2],"face_score":0.86,"missing_person_id":1,"snapshot_base64":"/9j/4AAQSkZJRgABAQAAAQABAAD/2wBDAP//////////////////////////////////////////////////////////////////////////////////////2wBDAf//////////////////////////////////////////////////////////////////////////////////////wAARCAAQABADASIAAhEBAxEB/8QAFQABAQAAAAAAAAAAAAAAAAAAAAf/xAAUEAEAAAAAAAAAAAAAAAAAAAAA/9oADAMBAAIQAxAAAAGoAP/EABQQAQAAAAAAAAAAAAAAAAAAAAD/2gAIAQEAAQUCqf/EABQRAQAAAAAAAAAAAAAAAAAAAAD/2gAIAQMBAT8Bp//EABQRAQAAAAAAAAAAAAAAAAAAAAD/2gAIAQIBAT8Bp//EABQQAQAAAAAAAAAAAAAAAAAAAAD/2gAIAQEABj8Cf//Z","track_id":"track-123"},"level":"info","message":"Inbound Request","method":"POST","path":"/api/detections/ingest","service":"eye-identify-backend","timestamp":"2026-02-04T08:46:25.522Z"}
{"error":"{\n  \"error\": {\n    \"code\": 404,\n    \"message\": \"The specified bucket does not exist.\",\n    \"errors\": [\n      {\n        \"message\": \"The specified bucket does not exist.\",\n        \"domain\": \"global\",\n        \"reason\": \"notFound\"\n      }\n    ]\n  }\n}\n","level":"error","message":"Firebase Storage upload failed","service":"eye-identify-backend","timestamp":"2026-02-04T08:46:27.324Z"}
{"error":"new row for relation \"detections\" violates check constraint \"valid_scores\"","level":"error","message":"Detection ingest failed","service":"eye-identify-backend","timestamp":"2026-02-04T08:46:27.327Z"}
{"error":"invalid input value for enum alert_status: \"expired\"","level":"error","message":"Alert expiry sweep failed","service":"eye-identify-backend","timestamp":"2026-02-04T08:46:34.387Z"}
{"error":"invalid input value for enum alert_status: \"expired\"","level":"error","message":"Alert expiry sweep failed","service":"eye-identify-backend","timestamp":"2026-02-04T08:47:04.394Z"}
{"level":"info","message":"Server running in undefined mode on port 5001","service":"eye-identify-backend","timestamp":"2026-02-04T08:47:49.675Z"}
{"level":"info","message":"Alert expiry worker started (30000ms)","service":"eye-identify-backend","timestamp":"2026-02-04T08:47:49.677Z"}
{"body":{"bbox":{"h":140,"w":120,"x":10,"y":22},"camera_id":"1","clothing_score":0.72,"detection_timestamp":"2026-02-04T12:45:00Z","embedding":[0.1,0.2],"face_score":0.86,"missing_person_id":1,"snapshot_base64":"/9j/4AAQSkZJRgABAQAAAQABAAD/2wBDAP//////////////////////////////////////////////////////////////////////////////////////2wBDAf//////////////////////////////////////////////////////////////////////////////////////wAARCAAQABADASIAAhEBAxEB/8QAFQABAQAAAAAAAAAAAAAAAAAAAAf/xAAUEAEAAAAAAAAAAAAAAAAAAAAA/9oADAMBAAIQAxAAAAGoAP/EABQQAQAAAAAAAAAAAAAAAAAAAAD/2gAIAQEAAQUCqf/EABQRAQAAAAAAAAAAAAAAAAAAAAD/2gAIAQMBAT8Bp//EABQRAQAAAAAAAAAAAAAAAAAAAAD/2gAIAQIBAT8Bp//EABQQAQAAAAAAAAAAAAAAAAAAAAD/2gAIAQEABj8Cf//Z","track_id":"track-123"},"level":"info","message":"Inbound Request","method":"POST","path":"/api/detections/ingest","service":"eye-identify-backend","timestamp":"2026-02-04T08:48:00.365Z"}
{"error":"{\n  \"error\": {\n    \"code\": 404,\n    \"message\": \"The specified bucket does not exist.\",\n    \"errors\": [\n      {\n        \"message\": \"The specified bucket does not exist.\",\n        \"domain\": \"global\",\n        \"reason\": \"notFound\"\n      }\n    ]\n  }\n}\n","level":"error","message":"Firebase Storage upload failed","service":"eye-identify-backend","timestamp":"2026-02-04T08:48:02.197Z"}
{"error":"operator does not exist: timestamp without time zone > interval","level":"error","message":"Detection ingest failed","service":"eye-identify-backend","timestamp":"2026-02-04T08:48:02.216Z"}
{"level":"info","message":"Server running in undefined mode on port 5001","service":"eye-identify-backend","timestamp":"2026-02-04T08:49:17.705Z"}
{"level":"info","message":"Alert expiry worker started (30000ms)","service":"eye-identify-backend","timestamp":"2026-02-04T08:49:17.708Z"}
{"body":{"bbox":{"h":140,"w":120,"x":10,"y":22},"camera_id":"1","clothing_score":0.72,"detection_timestamp":"2026-02-04T12:45:00Z","embedding":[0.1,0.2],"face_score":0.86,"missing_person_id":1,"snapshot_base64":"/9j/4AAQSkZJRgABAQAAAQABAAD/2wBDAP//////////////////////////////////////////////////////////////////////////////////////2wBDAf//////////////////////////////////////////////////////////////////////////////////////wAARCAAQABADASIAAhEBAxEB/8QAFQABAQAAAAAAAAAAAAAAAAAAAAf/xAAUEAEAAAAAAAAAAAAAAAAAAAAA/9oADAMBAAIQAxAAAAGoAP/EABQQAQAAAAAAAAAAAAAAAAAAAAD/2gAIAQEAAQUCqf/EABQRAQAAAAAAAAAAAAAAAAAAAAD/2gAIAQMBAT8Bp//EABQRAQAAAAAAAAAAAAAAAAAAAAD/2gAIAQIBAT8Bp//EABQQAQAAAAAAAAAAAAAAAAAAAAD/2gAIAQEABj8Cf//Z","track_id":"track-123"},"level":"info","message":"Inbound Request","method":"POST","path":"/api/detections/ingest","service":"eye-identify-backend","timestamp":"2026-02-04T08:49:30.517Z"}
{"error":"{\n  \"error\": {\n    \"code\": 404,\n    \"message\": \"The specified bucket does not exist.\",\n    \"errors\": [\n      {\n        \"message\": \"The specified bucket does not exist.\",\n        \"domain\": \"global\",\n        \"reason\": \"notFound\"\n      }\n    ]\n  }\n}\n","level":"error","message":"Firebase Storage upload failed","service":"eye-identify-backend","timestamp":"2026-02-04T08:49:32.341Z"}
{"level":"info","message":"Server running in undefined mode on port 5001","service":"eye-identify-backend","timestamp":"2026-02-04T08:51:04.780Z"}
{"level":"info","message":"Alert expiry worker started (30000ms)","service":"eye-identify-backend","timestamp":"2026-02-04T08:51:04.782Z"}
{"body":{"bbox":{"h":140,"w":120,"x":10,"y":22},"camera_id":"1","clothing_score":0.72,"detection_timestamp":"2026-02-04T12:45:00Z","embedding":[0.1,0.2],"face_score":0.86,"missing_person_id":1,"snapshot_base64":"/9j/4AAQSkZJRgABAQAAAQABAAD/2wBDAP//////////////////////////////////////////////////////////////////////////////////////2wBDAf//////////////////////////////////////////////////////////////////////////////////////wAARCAAQABADASIAAhEBAxEB/8QAFQABAQAAAAAAAAAAAAAAAAAAAAf/xAAUEAEAAAAAAAAAAAAAAAAAAAAA/9oADAMBAAIQAxAAAAGoAP/EABQQAQAAAAAAAAAAAAAAAAAAAAD/2gAIAQEAAQUCqf/EABQRAQAAAAAAAAAAAAAAAAAAAAD/2gAIAQMBAT8Bp//EABQRAQAAAAAAAAAAAAAAAAAAAAD/2gAIAQIBAT8Bp//EABQQAQAAAAAAAAAAAAAAAAAAAAD/2gAIAQEABj8Cf//Z","track_id":"track-123"},"level":"info","message":"Inbound Request","method":"POST","path":"/api/detections/ingest","service":"eye-identify-backend","timestamp":"2026-02-04T08:51:15.986Z"}
{"error":"{\n  \"error\": {\n    \"code\": 404,\n    \"message\": \"The specified bucket does not exist.\",\n    \"errors\": [\n      {\n        \"message\": \"The specified bucket does not exist.\",\n        \"domain\": \"global\",\n        \"reason\": \"notFound\"\n      }\n    ]\n  }\n}\n","level":"error","message":"Firebase Storage upload failed","service":"eye-identify-backend","timestamp":"2026-02-04T08:51:17.994Z"}
{"level":"info","message":"Server running in undefined mode on port 5001","service":"eye-identify-backend","timestamp":"2026-02-04T08:56:09.919Z"}
{"level":"info","message":"Alert expiry worker started (30000ms)","service":"eye-identify-backend","timestamp":"2026-02-04T08:56:09.922Z"}
{"body":{"bbox":{"h":140,"w":120,"x":10,"y":22},"camera_id":"1","clothing_score":0.72,"detection_timestamp":"2026-02-04T12:45:00Z","embedding":[0.1,0.2],"face_score":0.86,"missing_person_id":1,"snapshot_base64":"/9j/4AAQSkZJRgABAQAAAQABAAD/2wBDAP//////////////////////////////////////////////////////////////////////////////////////2wBDAf//////////////////////////////////////////////////////////////////////////////////////wAARCAAQABADASIAAhEBAxEB/8QAFQABAQAAAAAAAAAAAAAAAAAAAAf/xAAUEAEAAAAAAAAAAAAAAAAAAAAA/9oADAMBAAIQAxAAAAGoAP/EABQQAQAAAAAAAAAAAAAAAAAAAAD/2gAIAQEAAQUCqf/EABQRAQAAAAAAAAAAAAAAAAAAAAD/2gAIAQMBAT8Bp//EABQRAQAAAAAAAAAAAAAAAAAAAAD/2gAIAQIBAT8Bp//EABQQAQAAAAAAAAAAAAAAAAAAAAD/2gAIAQEABj8Cf//Z","track_id":"track-123"},"level":"info","message":"Inbound Request","method":"POST","path":"/api/detections/ingest","service":"eye-identify-backend","timestamp":"2026-02-04T08:56:20.031Z"}
{"error":"{\n  \"error\": {\n    \"code\": 404,\n    \"message\": \"The specified bucket does not exist.\",\n    \"errors\": [\n      {\n        \"message\": \"The specified bucket does not exist.\",\n        \"domain\": \"global\",\n        \"reason\": \"notFound\"\n      }\n    ]\n  }\n}\n","level":"error","message":"Firebase Storage upload failed","service":"eye-identify-backend","timestamp":"2026-02-04T08:56:22.368Z"}
{"level":"info","message":"Server running in undefined mode on port 5001","service":"eye-identify-backend","timestamp":"2026-02-04T09:33:32.125Z"}
{"level":"info","message":"Alert expiry worker started (30000ms)","service":"eye-identify-backend","timestamp":"2026-02-04T09:33:32.131Z"}
{"level":"info","message":"Server running in undefined mode on port 5001","service":"eye-identify-backend","timestamp":"2026-02-04T09:33:42.536Z"}
{"level":"info","message":"Alert expiry worker started (30000ms)","service":"eye-identify-backend","timestamp":"2026-02-04T09:33:42.538Z"}
{"body":null,"level":"info","message":"Inbound Request","method":"GET","path":"/api/alerts/snapshot","service":"eye-identify-backend","timestamp":"2026-02-04T09:33:43.440Z"}
{"body":{"email":"abc@gmail.com"},"level":"info","message":"Inbound Request","method":"POST","path":"/api/auth/login","service":"eye-identify-backend","timestamp":"2026-02-04T09:34:02.181Z"}
{"body":null,"level":"info","message":"Inbound Request","method":"GET","path":"/api/alerts/my","service":"eye-identify-backend","timestamp":"2026-02-04T09:34:02.458Z"}
{"body":null,"level":"info","message":"Inbound Request","method":"GET","path":"/api/missing-persons/my","service":"eye-identify-backend","timestamp":"2026-02-04T09:34:02.469Z"}
{"body":null,"level":"info","message":"Inbound Request","method":"GET","path":"/api/missing-persons","service":"eye-identify-backend","timestamp":"2026-02-04T09:34:02.479Z"}
{"body":null,"level":"info","message":"Inbound Request","method":"GET","path":"/api/cameras","service":"eye-identify-backend","timestamp":"2026-02-04T09:34:02.484Z"}
{"body":null,"level":"info","message":"Inbound Request","method":"GET","path":"/api/alerts/my","service":"eye-identify-backend","timestamp":"2026-02-04T09:34:05.470Z"}
{"body":null,"level":"info","message":"Inbound Request","method":"GET","path":"/api/alerts/my","service":"eye-identify-backend","timestamp":"2026-02-04T09:34:07.782Z"}
{"body":null,"level":"info","message":"Inbound Request","method":"GET","path":"/api/alerts/snapshot","service":"eye-identify-backend","timestamp":"2026-02-04T09:34:43.423Z"}
{"body":{"additional_notes":"","age":21,"clothing_description":"black jacket and denim jeans","full_name":"naira","gender":"female","height_cm":null,"height_range_max":null,"height_range_min":null,"last_seen_datetime":"2026-02-04T14:34:43.139374","last_seen_location":"TUF","photos":[],"status":"active","user_id":1},"level":"info","message":"Inbound Request","method":"POST","path":"/api/missing-persons","service":"eye-identify-backend","timestamp":"2026-02-04T09:34:47.583Z"}
{"body":{"additional_notes":"","age":21,"clothing_description":"black jacket and denim jeans","full_name":"naira","gender":"female","height_cm":null,"height_range_max":null,"height_range_min":null,"last_seen_datetime":"2026-02-04T14:34:49.178626","last_seen_location":"TUF","photos":[],"status":"active","user_id":1},"level":"info","message":"Inbound Request","method":"POST","path":"/api/missing-persons","service":"eye-identify-backend","timestamp":"2026-02-04T09:34:53.634Z"}
{"body":null,"level":"info","message":"Inbound Request","method":"GET","path":"/api/missing-persons/my","service":"eye-identify-backend","timestamp":"2026-02-04T09:34:57.412Z"}
{"body":null,"level":"info","message":"Inbound Request","method":"GET","path":"/api/missing-persons/my","service":"eye-identify-backend","timestamp":"2026-02-04T09:34:57.952Z"}
{"body":{"email":"abc@gmail.com"},"level":"info","message":"Inbound Request","method":"POST","path":"/api/auth/login","service":"eye-identify-backend","timestamp":"2026-02-04T09:35:11.979Z"}
{"body":null,"level":"info","message":"Inbound Request","method":"GET","path":"/api/alerts/my","service":"eye-identify-backend","timestamp":"2026-02-04T09:35:12.205Z"}
{"body":null,"level":"info","message":"Inbound Request","method":"GET","path":"/api/missing-persons/my","service":"eye-identify-backend","timestamp":"2026-02-04T09:35:12.217Z"}
{"body":null,"level":"info","message":"Inbound Request","method":"GET","path":"/api/missing-persons","service":"eye-identify-backend","timestamp":"2026-02-04T09:35:12.225Z"}
{"body":null,"level":"info","message":"Inbound Request","method":"GET","path":"/api/cameras","service":"eye-identify-backend","timestamp":"2026-02-04T09:35:12.226Z"}
{"body":null,"level":"info","message":"Inbound Request","method":"GET","path":"/api/alerts/snapshot","service":"eye-identify-backend","timestamp":"2026-02-04T09:35:43.403Z"}
{"body":null,"level":"info","message":"Inbound Request","method":"GET","path":"/api/alerts/my","service":"eye-identify-backend","timestamp":"2026-02-04T09:36:11.522Z"}
{"body":null,"level":"info","message":"Inbound Request","method":"GET","path":"/api/alerts/my","service":"eye-identify-backend","timestamp":"2026-02-04T09:36:14.572Z"}
{"body":null,"level":"info","message":"Inbound Request","method":"GET","path":"/api/alerts/my","service":"eye-identify-backend","timestamp":"2026-02-04T09:36:23.907Z"}
{"body":null,"level":"info","message":"Inbound Request","method":"GET","path":"/api/alerts/snapshot","service":"eye-identify-backend","timestamp":"2026-02-04T09:36:43.410Z"}
{"body":null,"level":"info","message":"Inbound Request","method":"GET","path":"/api/alerts/snapshot","service":"eye-identify-backend","timestamp":"2026-02-04T09:37:43.412Z"}
{"body":null,"level":"info","message":"Inbound Request","method":"GET","path":"/api/alerts/snapshot","service":"eye-identify-backend","timestamp":"2026-02-04T09:38:43.428Z"}
{"body":null,"level":"info","message":"Inbound Request","method":"GET","path":"/api/alerts/snapshot","service":"eye-identify-backend","timestamp":"2026-02-04T09:39:43.418Z"}
{"body":null,"level":"info","message":"Inbound Request","method":"GET","path":"/api/alerts/snapshot","service":"eye-identify-backend","timestamp":"2026-02-04T09:40:43.403Z"}
{"body":{"additional_notes":"","age":21,"clothing_description":"blue shirt","full_name":"naira","gender":"female","height_cm":null,"height_range_max":null,"height_range_min":null,"last_seen_datetime":"2026-02-04T14:41:38.050524","last_seen_location":"TUF","photos":[],"status":"active","user_id":1},"level":"info","message":"Inbound Request","method":"POST","path":"/api/missing-persons","service":"eye-identify-backend","timestamp":"2026-02-04T09:41:42.510Z"}
{"body":null,"level":"info","message":"Inbound Request","method":"GET","path":"/api/alerts/snapshot","service":"eye-identify-backend","timestamp":"2026-02-04T09:41:43.384Z"}
{"body":null,"level":"info","message":"Inbound Request","method":"GET","path":"/api/alerts/snapshot","service":"eye-identify-backend","timestamp":"2026-02-04T09:42:43.406Z"}
{"body":null,"level":"info","message":"Inbound Request","method":"POST","path":"/api/notifications/device-token","service":"eye-identify-backend","timestamp":"2026-02-04T09:49:34.680Z"}
{"level":"info","message":"WebSocket client connected","service":"eye-identify-backend","timestamp":"2026-02-04T09:49:39.437Z"}
{"level":"info","message":"WebSocket client connected","service":"eye-identify-backend","timestamp":"2026-02-04T09:49:39.438Z"}
{"body":null,"level":"info","message":"Inbound Request","method":"GET","path":"/api/alerts/snapshot","service":"eye-identify-backend","timestamp":"2026-02-04T09:49:39.782Z"}
{"body":null,"level":"info","message":"Inbound Request","method":"GET","path":"/api/alerts/my","service":"eye-identify-backend","timestamp":"2026-02-04T09:49:39.790Z"}
{"body":null,"level":"info","message":"Inbound Request","method":"GET","path":"/api/missing-persons/my","service":"eye-identify-backend","timestamp":"2026-02-04T09:49:39.793Z"}
{"body":null,"level":"info","message":"Inbound Request","method":"GET","path":"/api/missing-persons","service":"eye-identify-backend","timestamp":"2026-02-04T09:49:39.797Z"}
{"body":null,"level":"info","message":"Inbound Request","method":"GET","path":"/api/cameras","service":"eye-identify-backend","timestamp":"2026-02-04T09:49:39.799Z"}
{"body":null,"level":"info","message":"Inbound Request","method":"GET","path":"/api/alerts/snapshot","service":"eye-identify-backend","timestamp":"2026-02-04T09:49:45.103Z"}
{"body":null,"level":"info","message":"Inbound Request","method":"GET","path":"/api/alerts/snapshot","service":"eye-identify-backend","timestamp":"2026-02-04T09:49:55.189Z"}
{"body":null,"level":"info","message":"Inbound Request","method":"GET","path":"/api/alerts/snapshot","service":"eye-identify-backend","timestamp":"2026-02-04T09:50:15.289Z"}
{"body":null,"level":"info","message":"Inbound Request","method":"GET","path":"/api/alerts/snapshot","service":"eye-identify-backend","timestamp":"2026-02-04T09:50:39.471Z"}
{"body":null,"level":"info","message":"Inbound Request","method":"GET","path":"/api/alerts/snapshot","service":"eye-identify-backend","timestamp":"2026-02-04T09:51:19.551Z"}
{"body":null,"level":"info","message":"Inbound Request","method":"GET","path":"/api/alerts/snapshot","service":"eye-identify-backend","timestamp":"2026-02-04T09:51:39.433Z"}
{"body":null,"level":"info","message":"Inbound Request","method":"GET","path":"/api/alerts/snapshot","service":"eye-identify-backend","timestamp":"2026-02-04T09:52:39.457Z"}
{"body":{"additional_notes":"","age":21,"clothing_description":"blue shirt","full_name":"naira","gender":"female","height_cm":null,"height_range_max":null,"height_range_min":null,"last_seen_datetime":"2026-02-04T14:52:37.690443","last_seen_location":"TUF","photos":[],"status":"active","user_id":1},"level":"info","message":"Inbound Request","method":"POST","path":"/api/missing-persons","service":"eye-identify-backend","timestamp":"2026-02-04T09:52:42.176Z"}
{"body":{"additional_notes":"","age":21,"clothing_description":"blue shirt","full_name":"naira","gender":"female","height_cm":null,"height_range_max":null,"height_range_min":null,"last_seen_datetime":"2026-02-04T14:52:39.742297","last_seen_location":"TUF","photos":[],"status":"active","user_id":1},"level":"info","message":"Inbound Request","method":"POST","path":"/api/missing-persons","service":"eye-identify-backend","timestamp":"2026-02-04T09:52:44.163Z"}
{"body":{"additional_notes":"","age":21,"clothing_description":"blue shirt","full_name":"naira","gender":"female","height_cm":null,"height_range_max":null,"height_range_min":null,"last_seen_datetime":"2026-02-04T14:52:40.606327","last_seen_location":"TUF","photos":[],"status":"active","user_id":1},"level":"info","message":"Inbound Request","method":"POST","path":"/api/missing-persons","service":"eye-identify-backend","timestamp":"2026-02-04T09:52:45.051Z"}
{"body":{"additional_notes":"","age":21,"clothing_description":"blue shirt","full_name":"naira","gender":"female","height_cm":null,"height_range_max":null,"height_range_min":null,"last_seen_datetime":"2026-02-04T14:52:41.018494","last_seen_location":"TUF","photos":[],"status":"active","user_id":1},"level":"info","message":"Inbound Request","method":"POST","path":"/api/missing-persons","service":"eye-identify-backend","timestamp":"2026-02-04T09:52:45.470Z"}
{"body":{"additional_notes":"","age":21,"clothing_description":"blue shirt","full_name":"naira","gender":"female","height_cm":null,"height_range_max":null,"height_range_min":null,"last_seen_datetime":"2026-02-04T14:52:41.341465","last_seen_location":"TUF","photos":[],"status":"active","user_id":1},"level":"info","message":"Inbound Request","method":"POST","path":"/api/missing-persons","service":"eye-identify-backend","timestamp":"2026-02-04T09:52:45.796Z"}
{"body":{"additional_notes":"","age":21,"clothing_description":"blue shirt","full_name":"naira","gender":"female","height_cm":null,"height_range_max":null,"height_range_min":null,"last_seen_datetime":"2026-02-04T14:52:41.657649","last_seen_location":"TUF","photos":[],"status":"active","user_id":1},"level":"info","message":"Inbound Request","method":"POST","path":"/api/missing-persons","service":"eye-identify-backend","timestamp":"2026-02-04T09:52:46.082Z"}
{"body":{"additional_notes":"","age":21,"clothing_description":"blue shirt","full_name":"naira","gender":"female","height_cm":null,"height_range_max":null,"height_range_min":null,"last_seen_datetime":"2026-02-04T14:52:42.001713","last_seen_location":"TUF","photos":[],"status":"active","user_id":1},"level":"info","message":"Inbound Request","method":"POST","path":"/api/missing-persons","service":"eye-identify-backend","timestamp":"2026-02-04T09:52:46.447Z"}
{"body":{"additional_notes":"","age":21,"clothing_description":"blue shirt","full_name":"naira","gender":"female","height_cm":null,"height_range_max":null,"height_range_min":null,"last_seen_datetime":"2026-02-04T14:52:42.374096","last_seen_location":"TUF","photos":[],"status":"active","user_id":1},"level":"info","message":"Inbound Request","method":"POST","path":"/api/missing-persons","service":"eye-identify-backend","timestamp":"2026-02-04T09:52:46.791Z"}
{"body":{"additional_notes":"","age":21,"clothing_description":"blue shirt","full_name":"naira","gender":"female","height_cm":null,"height_range_max":null,"height_range_min":null,"last_seen_datetime":"2026-02-04T14:52:42.720208","last_seen_location":"TUF","photos":[],"status":"active","user_id":1},"level":"info","message":"Inbound Request","method":"POST","path":"/api/missing-persons","service":"eye-identify-backend","timestamp":"2026-02-04T09:52:47.222Z"}
{"body":{"additional_notes":"","age":21,"clothing_description":"blue shirt","full_name":"naira","gender":"female","height_cm":null,"height_range_max":null,"height_range_min":null,"last_seen_datetime":"2026-02-04T14:52:43.065783","last_seen_location":"TUF","photos":[],"status":"active","user_id":1},"level":"info","message":"Inbound Request","method":"POST","path":"/api/missing-persons","service":"eye-identify-backend","timestamp":"2026-02-04T09:52:47.484Z"}
{"body":{"additional_notes":"","age":21,"clothing_description":"blue shirt","full_name":"naira","gender":"female","height_cm":null,"height_range_max":null,"height_range_min":null,"last_seen_datetime":"2026-02-04T14:52:43.413036","last_seen_location":"TUF","photos":[],"status":"active","user_id":1},"level":"info","message":"Inbound Request","method":"POST","path":"/api/missing-persons","service":"eye-identify-backend","timestamp":"2026-02-04T09:52:47.872Z"}
{"body":{"additional_notes":"","age":21,"clothing_description":"blue shirt","full_name":"naira","gender":"female","height_cm":null,"height_range_max":null,"height_range_min":null,"last_seen_datetime":"2026-02-04T14:52:43.704014","last_seen_location":"TUF","photos":[],"status":"active","user_id":1},"level":"info","message":"Inbound Request","method":"POST","path":"/api/missing-persons","service":"eye-identify-backend","timestamp":"2026-02-04T09:52:48.119Z"}
{"body":{"additional_notes":"","age":21,"clothing_description":"blue shirt","full_name":"naira","gender":"female","height_cm":null,"height_range_max":null,"height_range_min":null,"last_seen_datetime":"2026-02-04T14:52:44.030311","last_seen_location":"TUF","photos":[],"status":"active","user_id":1},"level":"info","message":"Inbound Request","method":"POST","path":"/api/missing-persons","service":"eye-identify-backend","timestamp":"2026-02-04T09:52:48.470Z"}
{"body":{"additional_notes":"","age":21,"clothing_description":"blue shirt","full_name":"naira","gender":"female","height_cm":null,"height_range_max":null,"height_range_min":null,"last_seen_datetime":"2026-02-04T14:52:44.325967","last_seen_location":"TUF","photos":[],"status":"active","user_id":1},"level":"info","message":"Inbound Request","method":"POST","path":"/api/missing-persons","service":"eye-identify-backend","timestamp":"2026-02-04T09:52:48.769Z"}
{"body":{"additional_notes":"","age":21,"clothing_description":"blue shirt","full_name":"naira","gender":"female","height_cm":null,"height_range_max":null,"height_range_min":null,"last_seen_datetime":"2026-02-04T14:52:44.641863","last_seen_location":"TUF","photos":[],"status":"active","user_id":1},"level":"info","message":"Inbound Request","method":"POST","path":"/api/missing-persons","service":"eye-identify-backend","timestamp":"2026-02-04T09:52:49.059Z"}
{"body":{"additional_notes":"","age":21,"clothing_description":"blue shirt","full_name":"naira","gender":"female","height_cm":null,"height_range_max":null,"height_range_min":null,"last_seen_datetime":"2026-02-04T14:52:44.935507","last_seen_location":"TUF","photos":[],"status":"active","user_id":1},"level":"info","message":"Inbound Request","method":"POST","path":"/api/missing-persons","service":"eye-identify-backend","timestamp":"2026-02-04T09:52:49.402Z"}
{"body":{"additional_notes":"","age":21,"clothing_description":"blue shirt","full_name":"naira","gender":"female","height_cm":null,"height_range_max":null,"height_range_min":null,"last_seen_datetime":"2026-02-04T14:52:45.225731","last_seen_location":"TUF","photos":[],"status":"active","user_id":1},"level":"info","message":"Inbound Request","method":"POST","path":"/api/missing-persons","service":"eye-identify-backend","timestamp":"2026-02-04T09:52:49.638Z"}
{"body":{"additional_notes":"","age":21,"clothing_description":"blue shirt","full_name":"naira","gender":"female","height_cm":null,"height_range_max":null,"height_range_min":null,"last_seen_datetime":"2026-02-04T14:52:45.520736","last_seen_location":"TUF","photos":[],"status":"active","user_id":1},"level":"info","message":"Inbound Request","method":"POST","path":"/api/missing-persons","service":"eye-identify-backend","timestamp":"2026-02-04T09:52:49.951Z"}
{"body":{"additional_notes":"","age":21,"clothing_description":"blue shirt","full_name":"naira","gender":"female","height_cm":null,"height_range_max":null,"height_range_min":null,"last_seen_datetime":"2026-02-04T14:52:45.819166","last_seen_location":"TUF","photos":[],"status":"active","user_id":1},"level":"info","message":"Inbound Request","method":"POST","path":"/api/missing-persons","service":"eye-identify-backend","timestamp":"2026-02-04T09:52:50.256Z"}
{"body":{"additional_notes":"","age":21,"clothing_description":"blue shirt","full_name":"naira","gender":"female","height_cm":null,"height_range_max":null,"height_range_min":null,"last_seen_datetime":"2026-02-04T14:52:46.123989","last_seen_location":"TUF","photos":[],"status":"active","user_id":1},"level":"info","message":"Inbound Request","method":"POST","path":"/api/missing-persons","service":"eye-identify-backend","timestamp":"2026-02-04T09:52:50.542Z"}
{"body":{"additional_notes":"","age":21,"clothing_description":"blue shirt","full_name":"naira","gender":"female","height_cm":null,"height_range_max":null,"height_range_min":null,"last_seen_datetime":"2026-02-04T14:52:49.591871","last_seen_location":"TUF","photos":[],"status":"active","user_id":1},"level":"info","message":"Inbound Request","method":"POST","path":"/api/missing-persons","service":"eye-identify-backend","timestamp":"2026-02-04T09:52:54.037Z"}
{"body":{"additional_notes":"","age":21,"clothing_description":"blue shirt","full_name":"naira","gender":"female","height_cm":null,"height_range_max":null,"height_range_min":null,"last_seen_datetime":"2026-02-04T14:52:50.374121","last_seen_location":"TUF","photos":[],"status":"active","user_id":1},"level":"info","message":"Inbound Request","method":"POST","path":"/api/missing-persons","service":"eye-identify-backend","timestamp":"2026-02-04T09:52:54.811Z"}
{"body":{"additional_notes":"","age":21,"clothing_description":"blue shirt","full_name":"naira","gender":"female","height_cm":null,"height_range_max":null,"height_range_min":null,"last_seen_datetime":"2026-02-04T14:52:51.031286","last_seen_location":"TUF","photos":[],"status":"active","user_id":1},"level":"info","message":"Inbound Request","method":"POST","path":"/api/missing-persons","service":"eye-identify-backend","timestamp":"2026-02-04T09:52:55.470Z"}
{"body":{"additional_notes":"","age":21,"clothing_description":"blue shirt","full_name":"naira","gender":"female","height_cm":null,"height_range_max":null,"height_range_min":null,"last_seen_datetime":"2026-02-04T14:52:51.561297","last_seen_location":"TUF","photos":[],"status":"active","user_id":1},"level":"info","message":"Inbound Request","method":"POST","path":"/api/missing-persons","service":"eye-identify-backend","timestamp":"2026-02-04T09:52:56.001Z"}
{"body":{"additional_notes":"","age":21,"clothing_description":"blue shirt","full_name":"naira","gender":"female","height_cm":null,"height_range_max":null,"height_range_min":null,"last_seen_datetime":"2026-02-04T14:52:52.065852","last_seen_location":"TUF","photos":[],"status":"active","user_id":1},"level":"info","message":"Inbound Request","method":"POST","path":"/api/missing-persons","service":"eye-identify-backend","timestamp":"2026-02-04T09:52:56.505Z"}
{"body":{"additional_notes":"","age":21,"clothing_description":"blue shirt","full_name":"naira","gender":"female","height_cm":null,"height_range_max":null,"height_range_min":null,"last_seen_datetime":"2026-02-04T14:52:52.557979","last_seen_location":"TUF","photos":[],"status":"active","user_id":1},"level":"info","message":"Inbound Request","method":"POST","path":"/api/missing-persons","service":"eye-identify-backend","timestamp":"2026-02-04T09:52:56.972Z"}
{"body":{"additional_notes":"","age":21,"clothing_description":"blue shirt","full_name":"naira","gender":"female","height_cm":null,"height_range_max":null,"height_range_min":null,"last_seen_datetime":"2026-02-04T14:52:53.008403","last_seen_location":"TUF","photos":[],"status":"active","user_id":1},"level":"info","message":"Inbound Request","method":"POST","path":"/api/missing-persons","service":"eye-identify-backend","timestamp":"2026-02-04T09:52:57.444Z"}
{"body":{"additional_notes":"","age":21,"clothing_description":"blue shirt","full_name":"naira","gender":"female","height_cm":null,"height_range_max":null,"height_range_min":null,"last_seen_datetime":"2026-02-04T14:52:53.456389","last_seen_location":"TUF","photos":[],"status":"active","user_id":1},"level":"info","message":"Inbound Request","method":"POST","path":"/api/missing-persons","service":"eye-identify-backend","timestamp":"2026-02-04T09:52:57.873Z"}
{"body":{"additional_notes":"","age":21,"clothing_description":"blue shirt","full_name":"naira","gender":"female","height_cm":null,"height_range_max":null,"height_range_min":null,"last_seen_datetime":"2026-02-04T14:52:53.971117","last_seen_location":"TUF","photos":[],"status":"active","user_id":1},"level":"info","message":"Inbound Request","method":"POST","path":"/api/missing-persons","service":"eye-identify-backend","timestamp":"2026-02-04T09:52:58.405Z"}
{"body":{"additional_notes":"","age":21,"clothing_description":"blue shirt","full_name":"naira","gender":"female","height_cm":null,"height_range_max":null,"height_range_min":null,"last_seen_datetime":"2026-02-04T14:52:54.427833","last_seen_location":"TUF","photos":[],"status":"active","user_id":1},"level":"info","message":"Inbound Request","method":"POST","path":"/api/missing-persons","service":"eye-identify-backend","timestamp":"2026-02-04T09:52:58.860Z"}
{"body":{"additional_notes":"","age":21,"clothing_description":"blue shirt","full_name":"naira","gender":"female","height_cm":null,"height_range_max":null,"height_range_min":null,"last_seen_datetime":"2026-02-04T14:52:54.920023","last_seen_location":"TUF","photos":[],"status":"active","user_id":1},"level":"info","message":"Inbound Request","method":"POST","path":"/api/missing-persons","service":"eye-identify-backend","timestamp":"2026-02-04T09:52:59.357Z"}
{"body":{"additional_notes":"","age":21,"clothing_description":"blue shirt","full_name":"naira","gender":"female","height_cm":null,"height_range_max":null,"height_range_min":null,"last_seen_datetime":"2026-02-04T14:52:55.459463","last_seen_location":"TUF","photos":[],"status":"active","user_id":1},"level":"info","message":"Inbound Request","method":"POST","path":"/api/missing-persons","service":"eye-identify-backend","timestamp":"2026-02-04T09:52:59.877Z"}
{"body":{"additional_notes":"","age":21,"clothing_description":"blue shirt","full_name":"naira","gender":"female","height_cm":null,"height_range_max":null,"height_range_min":null,"last_seen_datetime":"2026-02-04T14:52:55.962248","last_seen_location":"TUF","photos":[],"status":"active","user_id":1},"level":"info","message":"Inbound Request","method":"POST","path":"/api/missing-persons","service":"eye-identify-backend","timestamp":"2026-02-04T09:53:00.399Z"}
{"body":{"additional_notes":"","age":21,"clothing_description":"blue shirt","full_name":"naira","gender":"female","height_cm":null,"height_range_max":null,"height_range_min":null,"last_seen_datetime":"2026-02-04T14:52:56.407540","last_seen_location":"TUF","photos":[],"status":"active","user_id":1},"level":"info","message":"Inbound Request","method":"POST","path":"/api/missing-persons","service":"eye-identify-backend","timestamp":"2026-02-04T09:53:00.829Z"}
{"body":{"additional_notes":"","age":21,"clothing_description":"blue shirt","full_name":"naira","gender":"female","height_cm":null,"height_range_max":null,"height_range_min":null,"last_seen_datetime":"2026-02-04T14:52:56.878693","last_seen_location":"TUF","photos":[],"status":"active","user_id":1},"level":"info","message":"Inbound Request","method":"POST","path":"/api/missing-persons","service":"eye-identify-backend","timestamp":"2026-02-04T09:53:01.317Z"}
{"body":{"additional_notes":"","age":21,"clothing_description":"blue shirt","full_name":"naira","gender":"female","height_cm":null,"height_range_max":null,"height_range_min":null,"last_seen_datetime":"2026-02-04T14:52:57.295884","last_seen_location":"TUF","photos":[],"status":"active","user_id":1},"level":"info","message":"Inbound Request","method":"POST","path":"/api/missing-persons","service":"eye-identify-backend","timestamp":"2026-02-04T09:53:01.732Z"}
{"body":{"additional_notes":"","age":21,"clothing_description":"blue shirt","full_name":"naira","gender":"female","height_cm":null,"height_range_max":null,"height_range_min":null,"last_seen_datetime":"2026-02-04T14:52:57.677039","last_seen_location":"TUF","photos":[],"status":"active","user_id":1},"level":"info","message":"Inbound Request","method":"POST","path":"/api/missing-persons","service":"eye-identify-backend","timestamp":"2026-02-04T09:53:02.116Z"}
{"body":{"additional_notes":"","age":21,"clothing_description":"blue shirt","full_name":"naira","gender":"female","height_cm":null,"height_range_max":null,"height_range_min":null,"last_seen_datetime":"2026-02-04T14:52:58.128289","last_seen_location":"TUF","photos":[],"status":"active","user_id":1},"level":"info","message":"Inbound Request","method":"POST","path":"/api/missing-persons","service":"eye-identify-backend","timestamp":"2026-02-04T09:53:02.565Z"}
{"body":{"additional_notes":"","age":21,"clothing_description":"blue shirt","full_name":"naira","gender":"female","height_cm":null,"height_range_max":null,"height_range_min":null,"last_seen_datetime":"2026-02-04T14:52:58.553996","last_seen_location":"TUF","photos":[],"status":"active","user_id":1},"level":"info","message":"Inbound Request","method":"POST","path":"/api/missing-persons","service":"eye-identify-backend","timestamp":"2026-02-04T09:53:02.981Z"}
{"body":{"additional_notes":"","age":21,"clothing_description":"blue shirt","full_name":"naira","gender":"female","height_cm":null,"height_range_max":null,"height_range_min":null,"last_seen_datetime":"2026-02-04T14:52:58.944090","last_seen_location":"TUF","photos":[],"status":"active","user_id":1},"level":"info","message":"Inbound Request","method":"POST","path":"/api/missing-persons","service":"eye-identify-backend","timestamp":"2026-02-04T09:53:03.381Z"}
{"body":{"additional_notes":"","age":21,"clothing_description":"blue shirt","full_name":"naira","gender":"female","height_cm":null,"height_range_max":null,"height_range_min":null,"last_seen_datetime":"2026-02-04T14:52:59.339431","last_seen_location":"TUF","photos":[],"status":"active","user_id":1},"level":"info","message":"Inbound Request","method":"POST","path":"/api/missing-persons","service":"eye-identify-backend","timestamp":"2026-02-04T09:53:03.778Z"}
{"body":{"additional_notes":"","age":21,"clothing_description":"blue shirt","full_name":"naira","gender":"female","height_cm":null,"height_range_max":null,"height_range_min":null,"last_seen_datetime":"2026-02-04T14:52:59.691233","last_seen_location":"TUF","photos":[],"status":"active","user_id":1},"level":"info","message":"Inbound Request","method":"POST","path":"/api/missing-persons","service":"eye-identify-backend","timestamp":"2026-02-04T09:53:04.128Z"}
{"body":{"additional_notes":"","age":21,"clothing_description":"blue shirt","full_name":"naira","gender":"female","height_cm":null,"height_range_max":null,"height_range_min":null,"last_seen_datetime":"2026-02-04T14:52:59.977227","last_seen_location":"TUF","photos":[],"status":"active","user_id":1},"level":"info","message":"Inbound Request","method":"POST","path":"/api/missing-persons","service":"eye-identify-backend","timestamp":"2026-02-04T09:53:04.415Z"}
{"body":{"additional_notes":"","age":21,"clothing_description":"blue shirt","full_name":"naira","gender":"female","height_cm":null,"height_range_max":null,"height_range_min":null,"last_seen_datetime":"2026-02-04T14:53:00.251557","last_seen_location":"TUF","photos":[],"status":"active","user_id":1},"level":"info","message":"Inbound Request","method":"POST","path":"/api/missing-persons","service":"eye-identify-backend","timestamp":"2026-02-04T09:53:04.700Z"}
{"body":{"additional_notes":"","age":21,"clothing_description":"blue shirt","full_name":"naira","gender":"female","height_cm":null,"height_range_max":null,"height_range_min":null,"last_seen_datetime":"2026-02-04T14:53:00.473536","last_seen_location":"TUF","photos":[],"status":"active","user_id":1},"level":"info","message":"Inbound Request","method":"POST","path":"/api/missing-persons","service":"eye-identify-backend","timestamp":"2026-02-04T09:53:04.887Z"}
{"body":{"additional_notes":"","age":21,"clothing_description":"blue shirt","full_name":"naira","gender":"female","height_cm":null,"height_range_max":null,"height_range_min":null,"last_seen_datetime":"2026-02-04T14:53:00.675868","last_seen_location":"TUF","photos":[],"status":"active","user_id":1},"level":"info","message":"Inbound Request","method":"POST","path":"/api/missing-persons","service":"eye-identify-backend","timestamp":"2026-02-04T09:53:05.113Z"}
{"body":{"additional_notes":"","age":21,"clothing_description":"blue shirt","full_name":"naira","gender":"female","height_cm":null,"height_range_max":null,"height_range_min":null,"last_seen_datetime":"2026-02-04T14:53:00.912974","last_seen_location":"TUF","photos":[],"status":"active","user_id":1},"level":"info","message":"Inbound Request","method":"POST","path":"/api/missing-persons","service":"eye-identify-backend","timestamp":"2026-02-04T09:53:05.368Z"}
{"body":{"additional_notes":"","age":21,"clothing_description":"blue shirt","full_name":"naira","gender":"female","height_cm":null,"height_range_max":null,"height_range_min":null,"last_seen_datetime":"2026-02-04T14:53:01.118096","last_seen_location":"TUF","photos":[],"status":"active","user_id":1},"level":"info","message":"Inbound Request","method":"POST","path":"/api/missing-persons","service":"eye-identify-backend","timestamp":"2026-02-04T09:53:05.534Z"}
{"body":{"additional_notes":"","age":21,"clothing_description":"blue shirt","full_name":"naira","gender":"female","height_cm":null,"height_range_max":null,"height_range_min":null,"last_seen_datetime":"2026-02-04T14:53:01.320180","last_seen_location":"TUF","photos":[],"status":"active","user_id":1},"level":"info","message":"Inbound Request","method":"POST","path":"/api/missing-persons","service":"eye-identify-backend","timestamp":"2026-02-04T09:53:05.750Z"}
{"body":{"additional_notes":"","age":21,"clothing_description":"blue shirt","full_name":"naira","gender":"female","height_cm":null,"height_range_max":null,"height_range_min":null,"last_seen_datetime":"2026-02-04T14:53:01.505909","last_seen_location":"TUF","photos":[],"status":"active","user_id":1},"level":"info","message":"Inbound Request","method":"POST","path":"/api/missing-persons","service":"eye-identify-backend","timestamp":"2026-02-04T09:53:05.934Z"}
{"body":{"additional_notes":"","age":21,"clothing_description":"blue shirt","full_name":"naira","gender":"female","height_cm":null,"height_range_max":null,"height_range_min":null,"last_seen_datetime":"2026-02-04T14:53:01.702992","last_seen_location":"TUF","photos":[],"status":"active","user_id":1},"level":"info","message":"Inbound Request","method":"POST","path":"/api/missing-persons","service":"eye-identify-backend","timestamp":"2026-02-04T09:53:06.121Z"}
{"body":{"additional_notes":"","age":21,"clothing_description":"blue shirt","full_name":"naira","gender":"female","height_cm":null,"height_range_max":null,"height_range_min":null,"last_seen_datetime":"2026-02-04T14:53:01.892622","last_seen_location":"TUF","photos":[],"status":"active","user_id":1},"level":"info","message":"Inbound Request","method":"POST","path":"/api/missing-persons","service":"eye-identify-backend","timestamp":"2026-02-04T09:53:06.327Z"}
{"body":{"additional_notes":"","age":21,"clothing_description":"blue shirt","full_name":"naira","gender":"female","height_cm":null,"height_range_max":null,"height_range_min":null,"last_seen_datetime":"2026-02-04T14:53:02.079052","last_seen_location":"TUF","photos":[],"status":"active","user_id":1},"level":"info","message":"Inbound Request","method":"POST","path":"/api/missing-persons","service":"eye-identify-backend","timestamp":"2026-02-04T09:53:06.514Z"}
{"body":{"additional_notes":"","age":21,"clothing_description":"blue shirt","full_name":"naira","gender":"female","height_cm":null,"height_range_max":null,"height_range_min":null,"last_seen_datetime":"2026-02-04T14:53:02.252484","last_seen_location":"TUF","photos":[],"status":"active","user_id":1},"level":"info","message":"Inbound Request","method":"POST","path":"/api/missing-persons","service":"eye-identify-backend","timestamp":"2026-02-04T09:53:06.669Z"}
{"body":{"additional_notes":"","age":21,"clothing_description":"blue shirt","full_name":"naira","gender":"female","height_cm":null,"height_range_max":null,"height_range_min":null,"last_seen_datetime":"2026-02-04T14:53:02.423779","last_seen_location":"TUF","photos":[],"status":"active","user_id":1},"level":"info","message":"Inbound Request","method":"POST","path":"/api/missing-persons","service":"eye-identify-backend","timestamp":"2026-02-04T09:53:06.861Z"}
{"body":{"additional_notes":"","age":21,"clothing_description":"blue shirt","full_name":"naira","gender":"female","height_cm":null,"height_range_max":null,"height_range_min":null,"last_seen_datetime":"2026-02-04T14:53:02.578460","last_seen_location":"TUF","photos":[],"status":"active","user_id":1},"level":"info","message":"Inbound Request","method":"POST","path":"/api/missing-persons","service":"eye-identify-backend","timestamp":"2026-02-04T09:53:07.010Z"}
{"body":{"additional_notes":"","age":21,"clothing_description":"blue shirt","full_name":"naira","gender":"female","height_cm":null,"height_range_max":null,"height_range_min":null,"last_seen_datetime":"2026-02-04T14:53:02.748178","last_seen_location":"TUF","photos":[],"status":"active","user_id":1},"level":"info","message":"Inbound Request","method":"POST","path":"/api/missing-persons","service":"eye-identify-backend","timestamp":"2026-02-04T09:53:07.165Z"}
{"body":{"additional_notes":"","age":21,"clothing_description":"blue shirt","full_name":"naira","gender":"female","height_cm":null,"height_range_max":null,"height_range_min":null,"last_seen_datetime":"2026-02-04T14:53:02.888529","last_seen_location":"TUF","photos":[],"status":"active","user_id":1},"level":"info","message":"Inbound Request","method":"POST","path":"/api/missing-persons","service":"eye-identify-backend","timestamp":"2026-02-04T09:53:07.345Z"}
{"body":{"additional_notes":"","age":21,"clothing_description":"blue shirt","full_name":"naira","gender":"female","height_cm":null,"height_range_max":null,"height_range_min":null,"last_seen_datetime":"2026-02-04T14:53:03.061592","last_seen_location":"TUF","photos":[],"status":"active","user_id":1},"level":"info","message":"Inbound Request","method":"POST","path":"/api/missing-persons","service":"eye-identify-backend","timestamp":"2026-02-04T09:53:07.494Z"}
{"body":{"additional_notes":"","age":21,"clothing_description":"blue shirt","full_name":"naira","gender":"female","height_cm":null,"height_range_max":null,"height_range_min":null,"last_seen_datetime":"2026-02-04T14:53:03.228007","last_seen_location":"TUF","photos":[],"status":"active","user_id":1},"level":"info","message":"Inbound Request","method":"POST","path":"/api/missing-persons","service":"eye-identify-backend","timestamp":"2026-02-04T09:53:07.685Z"}
{"body":{"additional_notes":"","age":21,"clothing_description":"blue shirt","full_name":"naira","gender":"female","height_cm":null,"height_range_max":null,"height_range_min":null,"last_seen_datetime":"2026-02-04T14:53:03.390685","last_seen_location":"TUF","photos":[],"status":"active","user_id":1},"level":"info","message":"Inbound Request","method":"POST","path":"/api/missing-persons","service":"eye-identify-backend","timestamp":"2026-02-04T09:53:07.824Z"}
{"body":{"additional_notes":"","age":21,"clothing_description":"blue shirt","full_name":"naira","gender":"female","height_cm":null,"height_range_max":null,"height_range_min":null,"last_seen_datetime":"2026-02-04T14:53:03.557172","last_seen_location":"TUF","photos":[],"status":"active","user_id":1},"level":"info","message":"Inbound Request","method":"POST","path":"/api/missing-persons","service":"eye-identify-backend","timestamp":"2026-02-04T09:53:07.986Z"}
{"body":{"additional_notes":"","age":21,"clothing_description":"blue shirt","full_name":"naira","gender":"female","height_cm":null,"height_range_max":null,"height_range_min":null,"last_seen_datetime":"2026-02-04T14:53:03.720016","last_seen_location":"TUF","photos":[],"status":"active","user_id":1},"level":"info","message":"Inbound Request","method":"POST","path":"/api/missing-persons","service":"eye-identify-backend","timestamp":"2026-02-04T09:53:08.138Z"}
{"body":{"additional_notes":"","age":21,"clothing_description":"blue shirt","full_name":"naira","gender":"female","height_cm":null,"height_range_max":null,"height_range_min":null,"last_seen_datetime":"2026-02-04T14:53:03.883221","last_seen_location":"TUF","photos":[],"status":"active","user_id":1},"level":"info","message":"Inbound Request","method":"POST","path":"/api/missing-persons","service":"eye-identify-backend","timestamp":"2026-02-04T09:53:08.301Z"}
{"body":{"additional_notes":"","age":21,"clothing_description":"blue shirt","full_name":"naira","gender":"female","height_cm":null,"height_range_max":null,"height_range_min":null,"last_seen_datetime":"2026-02-04T14:53:04.059225","last_seen_location":"TUF","photos":[],"status":"active","user_id":1},"level":"info","message":"Inbound Request","method":"POST","path":"/api/missing-persons","service":"eye-identify-backend","timestamp":"2026-02-04T09:53:08.489Z"}
{"body":{"additional_notes":"","age":21,"clothing_description":"blue shirt","full_name":"naira","gender":"female","height_cm":null,"height_range_max":null,"height_range_min":null,"last_seen_datetime":"2026-02-04T14:53:04.229437","last_seen_location":"TUF","photos":[],"status":"active","user_id":1},"level":"info","message":"Inbound Request","method":"POST","path":"/api/missing-persons","service":"eye-identify-backend","timestamp":"2026-02-04T09:53:08.659Z"}
{"body":{"additional_notes":"","age":21,"clothing_description":"blue shirt","full_name":"naira","gender":"female","height_cm":null,"height_range_max":null,"height_range_min":null,"last_seen_datetime":"2026-02-04T14:53:04.508189","last_seen_location":"TUF","photos":[],"status":"active","user_id":1},"level":"info","message":"Inbound Request","method":"POST","path":"/api/missing-persons","service":"eye-identify-backend","timestamp":"2026-02-04T09:53:08.943Z"}
{"body":{"additional_notes":"","age":21,"clothing_description":"blue shirt","full_name":"naira","gender":"female","height_cm":null,"height_range_max":null,"height_range_min":null,"last_seen_datetime":"2026-02-04T14:53:04.878373","last_seen_location":"TUF","photos":[],"status":"active","user_id":1},"level":"info","message":"Inbound Request","method":"POST","path":"/api/missing-persons","service":"eye-identify-backend","timestamp":"2026-02-04T09:53:09.315Z"}
{"body":{"additional_notes":"","age":21,"clothing_description":"blue shirt","full_name":"naira","gender":"female","height_cm":null,"height_range_max":null,"height_range_min":null,"last_seen_datetime":"2026-02-04T14:53:05.086058","last_seen_location":"TUF","photos":[],"status":"active","user_id":1},"level":"info","message":"Inbound Request","method":"POST","path":"/api/missing-persons","service":"eye-identify-backend","timestamp":"2026-02-04T09:53:09.515Z"}
{"body":{"additional_notes":"","age":21,"clothing_description":"blue shirt","full_name":"naira","gender":"female","height_cm":null,"height_range_max":null,"height_range_min":null,"last_seen_datetime":"2026-02-04T14:53:05.312518","last_seen_location":"TUF","photos":[],"status":"active","user_id":1},"level":"info","message":"Inbound Request","method":"POST","path":"/api/missing-persons","service":"eye-identify-backend","timestamp":"2026-02-04T09:53:09.802Z"}
{"body":{"additional_notes":"","age":21,"clothing_description":"blue shirt","full_name":"naira","gender":"female","height_cm":null,"height_range_max":null,"height_range_min":null,"last_seen_datetime":"2026-02-04T14:53:05.683427","last_seen_location":"TUF","photos":[],"status":"active","user_id":1},"level":"info","message":"Inbound Request","method":"POST","path":"/api/missing-persons","service":"eye-identify-backend","timestamp":"2026-02-04T09:53:10.136Z"}
{"body":{"additional_notes":"","age":21,"clothing_description":"blue shirt","full_name":"naira","gender":"female","height_cm":null,"height_range_max":null,"height_range_min":null,"last_seen_datetime":"2026-02-04T14:53:05.901720","last_seen_location":"TUF","photos":[],"status":"active","user_id":1},"level":"info","message":"Inbound Request","method":"POST","path":"/api/missing-persons","service":"eye-identify-backend","timestamp":"2026-02-04T09:53:10.343Z"}
{"body":{"additional_notes":"","age":21,"clothing_description":"blue shirt","full_name":"naira","gender":"female","height_cm":null,"height_range_max":null,"height_range_min":null,"last_seen_datetime":"2026-02-04T14:53:06.083835","last_seen_location":"TUF","photos":[],"status":"active","user_id":1},"level":"info","message":"Inbound Request","method":"POST","path":"/api/missing-persons","service":"eye-identify-backend","timestamp":"2026-02-04T09:53:10.533Z"}
{"body":{"additional_notes":"","age":21,"clothing_description":"blue shirt","full_name":"naira","gender":"female","height_cm":null,"height_range_max":null,"height_range_min":null,"last_seen_datetime":"2026-02-04T14:53:06.282353","last_seen_location":"TUF","photos":[],"status":"active","user_id":1},"level":"info","message":"Inbound Request","method":"POST","path":"/api/missing-persons","service":"eye-identify-backend","timestamp":"2026-02-04T09:53:10.729Z"}
{"body":{"additional_notes":"","age":21,"clothing_description":"blue shirt","full_name":"naira","gender":"female","height_cm":null,"height_range_max":null,"height_range_min":null,"last_seen_datetime":"2026-02-04T14:53:06.480975","last_seen_location":"TUF","photos":[],"status":"active","user_id":1},"level":"info","message":"Inbound Request","method":"POST","path":"/api/missing-persons","service":"eye-identify-backend","timestamp":"2026-02-04T09:53:10.937Z"}
{"body":{"additional_notes":"","age":21,"clothing_description":"blue shirt","full_name":"naira","gender":"female","height_cm":null,"height_range_max":null,"height_range_min":null,"last_seen_datetime":"2026-02-04T14:53:06.647295","last_seen_location":"TUF","photos":[],"status":"active","user_id":1},"level":"info","message":"Inbound Request","method":"POST","path":"/api/missing-persons","service":"eye-identify-backend","timestamp":"2026-02-04T09:53:11.091Z"}
{"body":{"additional_notes":"","age":21,"clothing_description":"blue shirt","full_name":"naira","gender":"female","height_cm":null,"height_range_max":null,"height_range_min":null,"last_seen_datetime":"2026-02-04T14:53:06.831886","last_seen_location":"TUF","photos":[],"status":"active","user_id":1},"level":"info","message":"Inbound Request","method":"POST","path":"/api/missing-persons","service":"eye-identify-backend","timestamp":"2026-02-04T09:53:11.251Z"}
{"body":{"additional_notes":"","age":21,"clothing_description":"blue shirt","full_name":"naira","gender":"female","height_cm":null,"height_range_max":null,"height_range_min":null,"last_seen_datetime":"2026-02-04T14:53:07.057355","last_seen_location":"TUF","photos":[],"status":"active","user_id":1},"level":"info","message":"Inbound Request","method":"POST","path":"/api/missing-persons","service":"eye-identify-backend","timestamp":"2026-02-04T09:53:11.500Z"}
{"body":{"additional_notes":"","age":21,"clothing_description":"blue shirt","full_name":"naira","gender":"female","height_cm":null,"height_range_max":null,"height_range_min":null,"last_seen_datetime":"2026-02-04T14:53:07.259676","last_seen_location":"TUF","photos":[],"status":"active","user_id":1},"level":"info","message":"Inbound Request","method":"POST","path":"/api/missing-persons","service":"eye-identify-backend","timestamp":"2026-02-04T09:53:11.691Z"}
{"body":{"additional_notes":"","age":21,"clothing_description":"blue shirt","full_name":"naira","gender":"female","height_cm":null,"height_range_max":null,"height_range_min":null,"last_seen_datetime":"2026-02-04T14:53:07.470544","last_seen_location":"TUF","photos":[],"status":"active","user_id":1},"level":"info","message":"Inbound Request","method":"POST","path":"/api/missing-persons","service":"eye-identify-backend","timestamp":"2026-02-04T09:53:11.888Z"}
{"body":{"additional_notes":"","age":21,"clothing_description":"blue shirt","full_name":"naira","gender":"female","height_cm":null,"height_range_max":null,"height_range_min":null,"last_seen_datetime":"2026-02-04T14:53:07.653519","last_seen_location":"TUF","photos":[],"status":"active","user_id":1},"level":"info","message":"Inbound Request","method":"POST","path":"/api/missing-persons","service":"eye-identify-backend","timestamp":"2026-02-04T09:53:12.072Z"}
{"body":{"additional_notes":"","age":21,"clothing_description":"blue shirt","full_name":"naira","gender":"female","height_cm":null,"height_range_max":null,"height_range_min":null,"last_seen_datetime":"2026-02-04T14:53:07.853844","last_seen_location":"TUF","photos":[],"status":"active","user_id":1},"level":"info","message":"Inbound Request","method":"POST","path":"/api/missing-persons","service":"eye-identify-backend","timestamp":"2026-02-04T09:53:12.290Z"}
{"body":{"additional_notes":"","age":21,"clothing_description":"blue shirt","full_name":"naira","gender":"female","height_cm":null,"height_range_max":null,"height_range_min":null,"last_seen_datetime":"2026-02-04T14:53:08.046653","last_seen_location":"TUF","photos":[],"status":"active","user_id":1},"level":"info","message":"Inbound Request","method":"POST","path":"/api/missing-persons","service":"eye-identify-backend","timestamp":"2026-02-04T09:53:12.484Z"}
{"body":{"additional_notes":"","age":21,"clothing_description":"blue shirt","full_name":"naira","gender":"female","height_cm":null,"height_range_max":null,"height_range_min":null,"last_seen_datetime":"2026-02-04T14:53:08.229460","last_seen_location":"TUF","photos":[],"status":"active","user_id":1},"level":"info","message":"Inbound Request","method":"POST","path":"/api/missing-persons","service":"eye-identify-backend","timestamp":"2026-02-04T09:53:12.665Z"}
{"body":{"additional_notes":"","age":21,"clothing_description":"blue shirt","full_name":"naira","gender":"female","height_cm":null,"height_range_max":null,"height_range_min":null,"last_seen_datetime":"2026-02-04T14:53:08.428875","last_seen_location":"TUF","photos":[],"status":"active","user_id":1},"level":"info","message":"Inbound Request","method":"POST","path":"/api/missing-persons","service":"eye-identify-backend","timestamp":"2026-02-04T09:53:12.868Z"}
{"body":{"additional_notes":"","age":21,"clothing_description":"blue shirt","full_name":"naira","gender":"female","height_cm":null,"height_range_max":null,"height_range_min":null,"last_seen_datetime":"2026-02-04T14:53:08.617543","last_seen_location":"TUF","photos":[],"status":"active","user_id":1},"level":"info","message":"Inbound Request","method":"POST","path":"/api/missing-persons","service":"eye-identify-backend","timestamp":"2026-02-04T09:53:13.035Z"}
{"body":{"additional_notes":"","age":21,"clothing_description":"blue shirt","full_name":"naira","gender":"female","height_cm":null,"height_range_max":null,"height_range_min":null,"last_seen_datetime":"2026-02-04T14:53:08.800802","last_seen_location":"TUF","photos":[],"status":"active","user_id":1},"level":"info","message":"Inbound Request","method":"POST","path":"/api/missing-persons","service":"eye-identify-backend","timestamp":"2026-02-04T09:53:13.254Z"}
{"body":{"additional_notes":"","age":21,"clothing_description":"blue shirt","full_name":"naira","gender":"female","height_cm":null,"height_range_max":null,"height_range_min":null,"last_seen_datetime":"2026-02-04T14:53:08.982995","last_seen_location":"TUF","photos":[],"status":"active","user_id":1},"level":"info","message":"Inbound Request","method":"POST","path":"/api/missing-persons","service":"eye-identify-backend","timestamp":"2026-02-04T09:53:13.400Z"}
{"body":{"additional_notes":"","age":21,"clothing_description":"blue shirt","full_name":"naira","gender":"female","height_cm":null,"height_range_max":null,"height_range_min":null,"last_seen_datetime":"2026-02-04T14:53:09.177733","last_seen_location":"TUF","photos":[],"status":"active","user_id":1},"level":"info","message":"Inbound Request","method":"POST","path":"/api/missing-persons","service":"eye-identify-backend","timestamp":"2026-02-04T09:53:13.646Z"}
{"body":{"additional_notes":"","age":21,"clothing_description":"blue shirt","full_name":"naira","gender":"female","height_cm":null,"height_range_max":null,"height_range_min":null,"last_seen_datetime":"2026-02-04T14:53:09.365698","last_seen_location":"TUF","photos":[],"status":"active","user_id":1},"level":"info","message":"Inbound Request","method":"POST","path":"/api/missing-persons","service":"eye-identify-backend","timestamp":"2026-02-04T09:53:13.795Z"}
{"body":{"additional_notes":"","age":21,"clothing_description":"blue shirt","full_name":"naira","gender":"female","height_cm":null,"height_range_max":null,"height_range_min":null,"last_seen_datetime":"2026-02-04T14:53:09.562478","last_seen_location":"TUF","photos":[],"status":"active","user_id":1},"level":"info","message":"Inbound Request","method":"POST","path":"/api/missing-persons","service":"eye-identify-backend","timestamp":"2026-02-04T09:53:14.017Z"}
{"body":{"additional_notes":"","age":21,"clothing_description":"blue shirt","full_name":"naira","gender":"female","height_cm":null,"height_range_max":null,"height_range_min":null,"last_seen_datetime":"2026-02-04T14:53:09.767946","last_seen_location":"TUF","photos":[],"status":"active","user_id":1},"level":"info","message":"Inbound Request","method":"POST","path":"/api/missing-persons","service":"eye-identify-backend","timestamp":"2026-02-04T09:53:14.213Z"}
{"body":{"additional_notes":"","age":21,"clothing_description":"blue shirt","full_name":"naira","gender":"female","height_cm":null,"height_range_max":null,"height_range_min":null,"last_seen_datetime":"2026-02-04T14:53:09.936976","last_seen_location":"TUF","photos":[],"status":"active","user_id":1},"level":"info","message":"Inbound Request","method":"POST","path":"/api/missing-persons","service":"eye-identify-backend","timestamp":"2026-02-04T09:53:14.387Z"}
{"body":{"additional_notes":"","age":21,"clothing_description":"blue shirt","full_name":"naira","gender":"female","height_cm":null,"height_range_max":null,"height_range_min":null,"last_seen_datetime":"2026-02-04T14:53:10.158153","last_seen_location":"TUF","photos":[],"status":"active","user_id":1},"level":"info","message":"Inbound Request","method":"POST","path":"/api/missing-persons","service":"eye-identify-backend","timestamp":"2026-02-04T09:53:14.584Z"}
{"body":{"additional_notes":"","age":21,"clothing_description":"blue shirt","full_name":"naira","gender":"female","height_cm":null,"height_range_max":null,"height_range_min":null,"last_seen_datetime":"2026-02-04T14:53:10.362282","last_seen_location":"TUF","photos":[],"status":"active","user_id":1},"level":"info","message":"Inbound Request","method":"POST","path":"/api/missing-persons","service":"eye-identify-backend","timestamp":"2026-02-04T09:53:14.797Z"}
{"body":{"additional_notes":"","age":21,"clothing_description":"blue shirt","full_name":"naira","gender":"female","height_cm":null,"height_range_max":null,"height_range_min":null,"last_seen_datetime":"2026-02-04T14:53:10.559156","last_seen_location":"TUF","photos":[],"status":"active","user_id":1},"level":"info","message":"Inbound Request","method":"POST","path":"/api/missing-persons","service":"eye-identify-backend","timestamp":"2026-02-04T09:53:14.996Z"}
{"body":{"additional_notes":"","age":21,"clothing_description":"blue shirt","full_name":"naira","gender":"female","height_cm":null,"height_range_max":null,"height_range_min":null,"last_seen_datetime":"2026-02-04T14:53:10.771168","last_seen_location":"TUF","photos":[],"status":"active","user_id":1},"level":"info","message":"Inbound Request","method":"POST","path":"/api/missing-persons","service":"eye-identify-backend","timestamp":"2026-02-04T09:53:15.190Z"}
{"body":{"additional_notes":"","age":21,"clothing_description":"blue shirt","full_name":"naira","gender":"female","height_cm":null,"height_range_max":null,"height_range_min":null,"last_seen_datetime":"2026-02-04T14:53:10.961065","last_seen_location":"TUF","photos":[],"status":"active","user_id":1},"level":"info","message":"Inbound Request","method":"POST","path":"/api/missing-persons","service":"eye-identify-backend","timestamp":"2026-02-04T09:53:15.400Z"}
{"body":{"additional_notes":"","age":21,"clothing_description":"blue shirt","full_name":"naira","gender":"female","height_cm":null,"height_range_max":null,"height_range_min":null,"last_seen_datetime":"2026-02-04T14:53:11.164624","last_seen_location":"TUF","photos":[],"status":"active","user_id":1},"level":"info","message":"Inbound Request","method":"POST","path":"/api/missing-persons","service":"eye-identify-backend","timestamp":"2026-02-04T09:53:15.580Z"}
{"body":{"additional_notes":"","age":21,"clothing_description":"blue shirt","full_name":"naira","gender":"female","height_cm":null,"height_range_max":null,"height_range_min":null,"last_seen_datetime":"2026-02-04T14:53:11.370946","last_seen_location":"TUF","photos":[],"status":"active","user_id":1},"level":"info","message":"Inbound Request","method":"POST","path":"/api/missing-persons","service":"eye-identify-backend","timestamp":"2026-02-04T09:53:15.806Z"}
{"body":{"additional_notes":"","age":21,"clothing_description":"blue shirt","full_name":"naira","gender":"female","height_cm":null,"height_range_max":null,"height_range_min":null,"last_seen_datetime":"2026-02-04T14:53:11.574973","last_seen_location":"TUF","photos":[],"status":"active","user_id":1},"level":"info","message":"Inbound Request","method":"POST","path":"/api/missing-persons","service":"eye-identify-backend","timestamp":"2026-02-04T09:53:16.019Z"}
{"body":{"additional_notes":"","age":21,"clothing_description":"blue shirt","full_name":"naira","gender":"female","height_cm":null,"height_range_max":null,"height_range_min":null,"last_seen_datetime":"2026-02-04T14:53:11.796678","last_seen_location":"TUF","photos":[],"status":"active","user_id":1},"level":"info","message":"Inbound Request","method":"POST","path":"/api/missing-persons","service":"eye-identify-backend","timestamp":"2026-02-04T09:53:16.244Z"}
{"body":{"additional_notes":"","age":21,"clothing_description":"blue shirt","full_name":"naira","gender":"female","height_cm":null,"height_range_max":null,"height_range_min":null,"last_seen_datetime":"2026-02-04T14:53:12.001869","last_seen_location":"TUF","photos":[],"status":"active","user_id":1},"level":"info","message":"Inbound Request","method":"POST","path":"/api/missing-persons","service":"eye-identify-backend","timestamp":"2026-02-04T09:53:16.474Z"}
{"body":{"additional_notes":"","age":21,"clothing_description":"blue shirt","full_name":"naira","gender":"female","height_cm":null,"height_range_max":null,"height_range_min":null,"last_seen_datetime":"2026-02-04T14:53:12.207461","last_seen_location":"TUF","photos":[],"status":"active","user_id":1},"level":"info","message":"Inbound Request","method":"POST","path":"/api/missing-persons","service":"eye-identify-backend","timestamp":"2026-02-04T09:53:16.652Z"}
{"body":{"additional_notes":"","age":21,"clothing_description":"blue shirt","full_name":"naira","gender":"female","height_cm":null,"height_range_max":null,"height_range_min":null,"last_seen_datetime":"2026-02-04T14:53:12.419368","last_seen_location":"TUF","photos":[],"status":"active","user_id":1},"level":"info","message":"Inbound Request","method":"POST","path":"/api/missing-persons","service":"eye-identify-backend","timestamp":"2026-02-04T09:53:16.842Z"}
{"body":{"additional_notes":"","age":21,"clothing_description":"blue shirt","full_name":"naira","gender":"female","height_cm":null,"height_range_max":null,"height_range_min":null,"last_seen_datetime":"2026-02-04T14:53:12.615532","last_seen_location":"TUF","photos":[],"status":"active","user_id":1},"level":"info","message":"Inbound Request","method":"POST","path":"/api/missing-persons","service":"eye-identify-backend","timestamp":"2026-02-04T09:53:17.051Z"}
{"body":{"additional_notes":"","age":21,"clothing_description":"blue shirt","full_name":"naira","gender":"female","height_cm":null,"height_range_max":null,"height_range_min":null,"last_seen_datetime":"2026-02-04T14:53:12.827986","last_seen_location":"TUF","photos":[],"status":"active","user_id":1},"level":"info","message":"Inbound Request","method":"POST","path":"/api/missing-persons","service":"eye-identify-backend","timestamp":"2026-02-04T09:53:17.263Z"}
{"body":{"additional_notes":"","age":21,"clothing_description":"blue shirt","full_name":"naira","gender":"female","height_cm":null,"height_range_max":null,"height_range_min":null,"last_seen_datetime":"2026-02-04T14:53:13.040881","last_seen_location":"TUF","photos":[],"status":"active","user_id":1},"level":"info","message":"Inbound Request","method":"POST","path":"/api/missing-persons","service":"eye-identify-backend","timestamp":"2026-02-04T09:53:17.460Z"}
{"body":{"additional_notes":"","age":21,"clothing_description":"blue shirt","full_name":"naira","gender":"female","height_cm":null,"height_range_max":null,"height_range_min":null,"last_seen_datetime":"2026-02-04T14:53:13.232248","last_seen_location":"TUF","photos":[],"status":"active","user_id":1},"level":"info","message":"Inbound Request","method":"POST","path":"/api/missing-persons","service":"eye-identify-backend","timestamp":"2026-02-04T09:53:17.665Z"}
{"body":{"additional_notes":"","age":21,"clothing_description":"blue shirt","full_name":"naira","gender":"female","height_cm":null,"height_range_max":null,"height_range_min":null,"last_seen_datetime":"2026-02-04T14:53:13.416681","last_seen_location":"TUF","photos":[],"status":"active","user_id":1},"level":"info","message":"Inbound Request","method":"POST","path":"/api/missing-persons","service":"eye-identify-backend","timestamp":"2026-02-04T09:53:17.852Z"}
{"body":{"additional_notes":"","age":21,"clothing_description":"blue shirt","full_name":"naira","gender":"female","height_cm":null,"height_range_max":null,"height_range_min":null,"last_seen_datetime":"2026-02-04T14:53:13.624005","last_seen_location":"TUF","photos":[],"status":"active","user_id":1},"level":"info","message":"Inbound Request","method":"POST","path":"/api/missing-persons","service":"eye-identify-backend","timestamp":"2026-02-04T09:53:18.043Z"}
{"body":{"additional_notes":"","age":21,"clothing_description":"blue shirt","full_name":"naira","gender":"female","height_cm":null,"height_range_max":null,"height_range_min":null,"last_seen_datetime":"2026-02-04T14:53:13.825528","last_seen_location":"TUF","photos":[],"status":"active","user_id":1},"level":"info","message":"Inbound Request","method":"POST","path":"/api/missing-persons","service":"eye-identify-backend","timestamp":"2026-02-04T09:53:18.275Z"}
{"body":{"additional_notes":"","age":21,"clothing_description":"blue shirt","full_name":"naira","gender":"female","height_cm":null,"height_range_max":null,"height_range_min":null,"last_seen_datetime":"2026-02-04T14:53:14.043860","last_seen_location":"TUF","photos":[],"status":"active","user_id":1},"level":"info","message":"Inbound Request","method":"POST","path":"/api/missing-persons","service":"eye-identify-backend","timestamp":"2026-02-04T09:53:18.460Z"}
{"body":{"additional_notes":"","age":21,"clothing_description":"blue shirt","full_name":"naira","gender":"female","height_cm":null,"height_range_max":null,"height_range_min":null,"last_seen_datetime":"2026-02-04T14:53:14.256721","last_seen_location":"TUF","photos":[],"status":"active","user_id":1},"level":"info","message":"Inbound Request","method":"POST","path":"/api/missing-persons","service":"eye-identify-backend","timestamp":"2026-02-04T09:53:18.713Z"}
{"body":{"additional_notes":"","age":21,"clothing_description":"blue shirt","full_name":"naira","gender":"female","height_cm":null,"height_range_max":null,"height_range_min":null,"last_seen_datetime":"2026-02-04T14:53:14.465442","last_seen_location":"TUF","photos":[],"status":"active","user_id":1},"level":"info","message":"Inbound Request","method":"POST","path":"/api/missing-persons","service":"eye-identify-backend","timestamp":"2026-02-04T09:53:18.900Z"}
{"body":{"additional_notes":"","age":21,"clothing_description":"blue shirt","full_name":"naira","gender":"female","height_cm":null,"height_range_max":null,"height_range_min":null,"last_seen_datetime":"2026-02-04T14:53:14.672799","last_seen_location":"TUF","photos":[],"status":"active","user_id":1},"level":"info","message":"Inbound Request","method":"POST","path":"/api/missing-persons","service":"eye-identify-backend","timestamp":"2026-02-04T09:53:19.117Z"}
{"body":{"additional_notes":"","age":21,"clothing_description":"blue shirt","full_name":"naira","gender":"female","height_cm":null,"height_range_max":null,"height_range_min":null,"last_seen_datetime":"2026-02-04T14:53:14.879111","last_seen_location":"TUF","photos":[],"status":"active","user_id":1},"level":"info","message":"Inbound Request","method":"POST","path":"/api/missing-persons","service":"eye-identify-backend","timestamp":"2026-02-04T09:53:19.316Z"}
{"body":{"additional_notes":"","age":21,"clothing_description":"blue shirt","full_name":"naira","gender":"female","height_cm":null,"height_range_max":null,"height_range_min":null,"last_seen_datetime":"2026-02-04T14:53:15.083485","last_seen_location":"TUF","photos":[],"status":"active","user_id":1},"level":"info","message":"Inbound Request","method":"POST","path":"/api/missing-persons","service":"eye-identify-backend","timestamp":"2026-02-04T09:53:19.503Z"}
{"body":{"additional_notes":"","age":21,"clothing_description":"blue shirt","full_name":"naira","gender":"female","height_cm":null,"height_range_max":null,"height_range_min":null,"last_seen_datetime":"2026-02-04T14:53:15.287133","last_seen_location":"TUF","photos":[],"status":"active","user_id":1},"level":"info","message":"Inbound Request","method":"POST","path":"/api/missing-persons","service":"eye-identify-backend","timestamp":"2026-02-04T09:53:19.705Z"}
{"body":{"additional_notes":"","age":21,"clothing_description":"blue shirt","full_name":"naira","gender":"female","height_cm":null,"height_range_max":null,"height_range_min":null,"last_seen_datetime":"2026-02-04T14:53:15.477011","last_seen_location":"TUF","photos":[],"status":"active","user_id":1},"level":"info","message":"Inbound Request","method":"POST","path":"/api/missing-persons","service":"eye-identify-backend","timestamp":"2026-02-04T09:53:19.911Z"}
{"body":{"additional_notes":"","age":21,"clothing_description":"blue shirt","full_name":"naira","gender":"female","height_cm":null,"height_range_max":null,"height_range_min":null,"last_seen_datetime":"2026-02-04T14:53:15.646909","last_seen_location":"TUF","photos":[],"status":"active","user_id":1},"level":"info","message":"Inbound Request","method":"POST","path":"/api/missing-persons","service":"eye-identify-backend","timestamp":"2026-02-04T09:53:20.081Z"}
{"body":{"additional_notes":"","age":21,"clothing_description":"blue shirt","full_name":"naira","gender":"female","height_cm":null,"height_range_max":null,"height_range_min":null,"last_seen_datetime":"2026-02-04T14:53:15.830369","last_seen_location":"TUF","photos":[],"status":"active","user_id":1},"level":"info","message":"Inbound Request","method":"POST","path":"/api/missing-persons","service":"eye-identify-backend","timestamp":"2026-02-04T09:53:20.253Z"}
{"body":{"additional_notes":"","age":21,"clothing_description":"blue shirt","full_name":"naira","gender":"female","height_cm":null,"height_range_max":null,"height_range_min":null,"last_seen_datetime":"2026-02-04T14:53:15.990381","last_seen_location":"TUF","photos":[],"status":"active","user_id":1},"level":"info","message":"Inbound Request","method":"POST","path":"/api/missing-persons","service":"eye-identify-backend","timestamp":"2026-02-04T09:53:20.407Z"}
{"body":{"additional_notes":"","age":21,"clothing_description":"blue shirt","full_name":"naira","gender":"female","height_cm":null,"height_range_max":null,"height_range_min":null,"last_seen_datetime":"2026-02-04T14:53:16.195434","last_seen_location":"TUF","photos":[],"status":"active","user_id":1},"level":"info","message":"Inbound Request","method":"POST","path":"/api/missing-persons","service":"eye-identify-backend","timestamp":"2026-02-04T09:53:20.628Z"}
{"body":{"additional_notes":"","age":21,"clothing_description":"blue shirt","full_name":"naira","gender":"female","height_cm":null,"height_range_max":null,"height_range_min":null,"last_seen_datetime":"2026-02-04T14:53:16.387401","last_seen_location":"TUF","photos":[],"status":"active","user_id":1},"level":"info","message":"Inbound Request","method":"POST","path":"/api/missing-persons","service":"eye-identify-backend","timestamp":"2026-02-04T09:53:20.801Z"}
{"body":{"additional_notes":"","age":21,"clothing_description":"blue shirt","full_name":"naira","gender":"female","height_cm":null,"height_range_max":null,"height_range_min":null,"last_seen_datetime":"2026-02-04T14:53:16.583901","last_seen_location":"TUF","photos":[],"status":"active","user_id":1},"level":"info","message":"Inbound Request","method":"POST","path":"/api/missing-persons","service":"eye-identify-backend","timestamp":"2026-02-04T09:53:21.002Z"}
{"body":{"additional_notes":"","age":21,"clothing_description":"blue shirt","full_name":"naira","gender":"female","height_cm":null,"height_range_max":null,"height_range_min":null,"last_seen_datetime":"2026-02-04T14:53:16.793111","last_seen_location":"TUF","photos":[],"status":"active","user_id":1},"level":"info","message":"Inbound Request","method":"POST","path":"/api/missing-persons","service":"eye-identify-backend","timestamp":"2026-02-04T09:53:21.254Z"}
{"body":{"additional_notes":"","age":21,"clothing_description":"blue shirt","full_name":"naira","gender":"female","height_cm":null,"height_range_max":null,"height_range_min":null,"last_seen_datetime":"2026-02-04T14:53:16.975362","last_seen_location":"TUF","photos":[],"status":"active","user_id":1},"level":"info","message":"Inbound Request","method":"POST","path":"/api/missing-persons","service":"eye-identify-backend","timestamp":"2026-02-04T09:53:21.413Z"}
{"body":{"additional_notes":"","age":21,"clothing_description":"blue shirt","full_name":"naira","gender":"female","height_cm":null,"height_range_max":null,"height_range_min":null,"last_seen_datetime":"2026-02-04T14:53:17.162102","last_seen_location":"TUF","photos":[],"status":"active","user_id":1},"level":"info","message":"Inbound Request","method":"POST","path":"/api/missing-persons","service":"eye-identify-backend","timestamp":"2026-02-04T09:53:21.599Z"}
{"body":{"additional_notes":"","age":21,"clothing_description":"blue shirt","full_name":"naira","gender":"female","height_cm":null,"height_range_max":null,"height_range_min":null,"last_seen_datetime":"2026-02-04T14:53:17.341840","last_seen_location":"TUF","photos":[],"status":"active","user_id":1},"level":"info","message":"Inbound Request","method":"POST","path":"/api/missing-persons","service":"eye-identify-backend","timestamp":"2026-02-04T09:53:21.774Z"}
{"body":{"additional_notes":"","age":21,"clothing_description":"blue shirt","full_name":"naira","gender":"female","height_cm":null,"height_range_max":null,"height_range_min":null,"last_seen_datetime":"2026-02-04T14:53:17.694947","last_seen_location":"TUF","photos":[],"status":"active","user_id":1},"level":"info","message":"Inbound Request","method":"POST","path":"/api/missing-persons","service":"eye-identify-backend","timestamp":"2026-02-04T09:53:22.135Z"}
{"body":{"additional_notes":"","age":21,"clothing_description":"blue shirt","full_name":"naira","gender":"female","height_cm":null,"height_range_max":null,"height_range_min":null,"last_seen_datetime":"2026-02-04T14:53:17.923092","last_seen_location":"TUF","photos":[],"status":"active","user_id":1},"level":"info","message":"Inbound Request","method":"POST","path":"/api/missing-persons","service":"eye-identify-backend","timestamp":"2026-02-04T09:53:22.338Z"}
{"body":{"additional_notes":"","age":21,"clothing_description":"blue shirt","full_name":"naira","gender":"female","height_cm":null,"height_range_max":null,"height_range_min":null,"last_seen_datetime":"2026-02-04T14:53:18.126788","last_seen_location":"TUF","photos":[],"status":"active","user_id":1},"level":"info","message":"Inbound Request","method":"POST","path":"/api/missing-persons","service":"eye-identify-backend","timestamp":"2026-02-04T09:53:22.544Z"}
{"body":{"additional_notes":"","age":21,"clothing_description":"blue shirt","full_name":"naira","gender":"female","height_cm":null,"height_range_max":null,"height_range_min":null,"last_seen_datetime":"2026-02-04T14:53:18.344633","last_seen_location":"TUF","photos":[],"status":"active","user_id":1},"level":"info","message":"Inbound Request","method":"POST","path":"/api/missing-persons","service":"eye-identify-backend","timestamp":"2026-02-04T09:53:22.798Z"}
{"body":{"additional_notes":"","age":21,"clothing_description":"blue shirt","full_name":"naira","gender":"female","height_cm":null,"height_range_max":null,"height_range_min":null,"last_seen_datetime":"2026-02-04T14:53:18.561405","last_seen_location":"TUF","photos":[],"status":"active","user_id":1},"level":"info","message":"Inbound Request","method":"POST","path":"/api/missing-persons","service":"eye-identify-backend","timestamp":"2026-02-04T09:53:22.991Z"}
{"body":{"additional_notes":"","age":21,"clothing_description":"blue shirt","full_name":"naira","gender":"female","height_cm":null,"height_range_max":null,"height_range_min":null,"last_seen_datetime":"2026-02-04T14:53:18.764895","last_seen_location":"TUF","photos":[],"status":"active","user_id":1},"level":"info","message":"Inbound Request","method":"POST","path":"/api/missing-persons","service":"eye-identify-backend","timestamp":"2026-02-04T09:53:23.181Z"}
{"body":{"additional_notes":"","age":21,"clothing_description":"blue shirt","full_name":"naira","gender":"female","height_cm":null,"height_range_max":null,"height_range_min":null,"last_seen_datetime":"2026-02-04T14:53:18.980970","last_seen_location":"TUF","photos":[],"status":"active","user_id":1},"level":"info","message":"Inbound Request","method":"POST","path":"/api/missing-persons","service":"eye-identify-backend","timestamp":"2026-02-04T09:53:23.403Z"}
{"body":{"additional_notes":"","age":21,"clothing_description":"blue shirt","full_name":"naira","gender":"female","height_cm":null,"height_range_max":null,"height_range_min":null,"last_seen_datetime":"2026-02-04T14:53:19.185808","last_seen_location":"TUF","photos":[],"status":"active","user_id":1},"level":"info","message":"Inbound Request","method":"POST","path":"/api/missing-persons","service":"eye-identify-backend","timestamp":"2026-02-04T09:53:23.601Z"}
{"body":{"additional_notes":"","age":21,"clothing_description":"blue shirt","full_name":"naira","gender":"female","height_cm":null,"height_range_max":null,"height_range_min":null,"last_seen_datetime":"2026-02-04T14:53:19.398281","last_seen_location":"TUF","photos":[],"status":"active","user_id":1},"level":"info","message":"Inbound Request","method":"POST","path":"/api/missing-persons","service":"eye-identify-backend","timestamp":"2026-02-04T09:53:23.841Z"}
{"body":{"additional_notes":"","age":21,"clothing_description":"blue shirt","full_name":"naira","gender":"female","height_cm":null,"height_range_max":null,"height_range_min":null,"last_seen_datetime":"2026-02-04T14:53:19.603791","last_seen_location":"TUF","photos":[],"status":"active","user_id":1},"level":"info","message":"Inbound Request","method":"POST","path":"/api/missing-persons","service":"eye-identify-backend","timestamp":"2026-02-04T09:53:24.023Z"}
{"body":{"additional_notes":"","age":21,"clothing_description":"blue shirt","full_name":"naira","gender":"female","height_cm":null,"height_range_max":null,"height_range_min":null,"last_seen_datetime":"2026-02-04T14:53:19.817368","last_seen_location":"TUF","photos":[],"status":"active","user_id":1},"level":"info","message":"Inbound Request","method":"POST","path":"/api/missing-persons","service":"eye-identify-backend","timestamp":"2026-02-04T09:53:24.232Z"}
{"body":{"additional_notes":"","age":21,"clothing_description":"blue shirt","full_name":"naira","gender":"female","height_cm":null,"height_range_max":null,"height_range_min":null,"last_seen_datetime":"2026-02-04T14:53:20.024448","last_seen_location":"TUF","photos":[],"status":"active","user_id":1},"level":"info","message":"Inbound Request","method":"POST","path":"/api/missing-persons","service":"eye-identify-backend","timestamp":"2026-02-04T09:53:24.480Z"}
{"body":{"additional_notes":"","age":21,"clothing_description":"blue shirt","full_name":"naira","gender":"female","height_cm":null,"height_range_max":null,"height_range_min":null,"last_seen_datetime":"2026-02-04T14:53:20.230767","last_seen_location":"TUF","photos":[],"status":"active","user_id":1},"level":"info","message":"Inbound Request","method":"POST","path":"/api/missing-persons","service":"eye-identify-backend","timestamp":"2026-02-04T09:53:24.662Z"}
{"body":{"additional_notes":"","age":21,"clothing_description":"blue shirt","full_name":"naira","gender":"female","height_cm":null,"height_range_max":null,"height_range_min":null,"last_seen_datetime":"2026-02-04T14:53:20.442282","last_seen_location":"TUF","photos":[],"status":"active","user_id":1},"level":"info","message":"Inbound Request","method":"POST","path":"/api/missing-persons","service":"eye-identify-backend","timestamp":"2026-02-04T09:53:24.858Z"}
{"body":{"additional_notes":"","age":21,"clothing_description":"blue shirt","full_name":"naira","gender":"female","height_cm":null,"height_range_max":null,"height_range_min":null,"last_seen_datetime":"2026-02-04T14:53:20.672205","last_seen_location":"TUF","photos":[],"status":"active","user_id":1},"level":"info","message":"Inbound Request","method":"POST","path":"/api/missing-persons","service":"eye-identify-backend","timestamp":"2026-02-04T09:53:25.118Z"}
{"body":{"additional_notes":"","age":21,"clothing_description":"blue shirt","full_name":"naira","gender":"female","height_cm":null,"height_range_max":null,"height_range_min":null,"last_seen_datetime":"2026-02-04T14:53:20.881403","last_seen_location":"TUF","photos":[],"status":"active","user_id":1},"level":"info","message":"Inbound Request","method":"POST","path":"/api/missing-persons","service":"eye-identify-backend","timestamp":"2026-02-04T09:53:25.338Z"}
{"body":{"additional_notes":"","age":21,"clothing_description":"blue shirt","full_name":"naira","gender":"female","height_cm":null,"height_range_max":null,"height_range_min":null,"last_seen_datetime":"2026-02-04T14:53:21.105648","last_seen_location":"TUF","photos":[],"status":"active","user_id":1},"level":"info","message":"Inbound Request","method":"POST","path":"/api/missing-persons","service":"eye-identify-backend","timestamp":"2026-02-04T09:53:25.543Z"}
{"body":{"additional_notes":"","age":21,"clothing_description":"blue shirt","full_name":"naira","gender":"female","height_cm":null,"height_range_max":null,"height_range_min":null,"last_seen_datetime":"2026-02-04T14:53:21.318397","last_seen_location":"TUF","photos":[],"status":"active","user_id":1},"level":"info","message":"Inbound Request","method":"POST","path":"/api/missing-persons","service":"eye-identify-backend","timestamp":"2026-02-04T09:53:25.735Z"}
{"body":{"additional_notes":"","age":21,"clothing_description":"blue shirt","full_name":"naira","gender":"female","height_cm":null,"height_range_max":null,"height_range_min":null,"last_seen_datetime":"2026-02-04T14:53:21.530669","last_seen_location":"TUF","photos":[],"status":"active","user_id":1},"level":"info","message":"Inbound Request","method":"POST","path":"/api/missing-persons","service":"eye-identify-backend","timestamp":"2026-02-04T09:53:25.952Z"}
{"body":{"additional_notes":"","age":21,"clothing_description":"blue shirt","full_name":"naira","gender":"female","height_cm":null,"height_range_max":null,"height_range_min":null,"last_seen_datetime":"2026-02-04T14:53:21.739393","last_seen_location":"TUF","photos":[],"status":"active","user_id":1},"level":"info","message":"Inbound Request","method":"POST","path":"/api/missing-persons","service":"eye-identify-backend","timestamp":"2026-02-04T09:53:26.156Z"}
{"body":{"additional_notes":"","age":21,"clothing_description":"blue shirt","full_name":"naira","gender":"female","height_cm":null,"height_range_max":null,"height_range_min":null,"last_seen_datetime":"2026-02-04T14:53:21.956745","last_seen_location":"TUF","photos":[],"status":"active","user_id":1},"level":"info","message":"Inbound Request","method":"POST","path":"/api/missing-persons","service":"eye-identify-backend","timestamp":"2026-02-04T09:53:26.372Z"}
{"body":{"additional_notes":"","age":21,"clothing_description":"blue shirt","full_name":"naira","gender":"female","height_cm":null,"height_range_max":null,"height_range_min":null,"last_seen_datetime":"2026-02-04T14:53:22.191218","last_seen_location":"TUF","photos":[],"status":"active","user_id":1},"level":"info","message":"Inbound Request","method":"POST","path":"/api/missing-persons","service":"eye-identify-backend","timestamp":"2026-02-04T09:53:26.626Z"}
{"body":{"additional_notes":"","age":21,"clothing_description":"blue shirt","full_name":"naira","gender":"female","height_cm":null,"height_range_max":null,"height_range_min":null,"last_seen_datetime":"2026-02-04T14:53:22.444957","last_seen_location":"TUF","photos":[],"status":"active","user_id":1},"level":"info","message":"Inbound Request","method":"POST","path":"/api/missing-persons","service":"eye-identify-backend","timestamp":"2026-02-04T09:53:26.879Z"}
{"body":{"additional_notes":"","age":21,"clothing_description":"blue shirt","full_name":"naira","gender":"female","height_cm":null,"height_range_max":null,"height_range_min":null,"last_seen_datetime":"2026-02-04T14:53:22.700177","last_seen_location":"TUF","photos":[],"status":"active","user_id":1},"level":"info","message":"Inbound Request","method":"POST","path":"/api/missing-persons","service":"eye-identify-backend","timestamp":"2026-02-04T09:53:27.151Z"}
{"body":{"additional_notes":"","age":21,"clothing_description":"blue shirt","full_name":"naira","gender":"female","height_cm":null,"height_range_max":null,"height_range_min":null,"last_seen_datetime":"2026-02-04T14:53:22.965262","last_seen_location":"TUF","photos":[],"status":"active","user_id":1},"level":"info","message":"Inbound Request","method":"POST","path":"/api/missing-persons","service":"eye-identify-backend","timestamp":"2026-02-04T09:53:27.423Z"}
{"body":{"additional_notes":"","age":21,"clothing_description":"blue shirt","full_name":"naira","gender":"female","height_cm":null,"height_range_max":null,"height_range_min":null,"last_seen_datetime":"2026-02-04T14:53:23.201141","last_seen_location":"TUF","photos":[],"status":"active","user_id":1},"level":"info","message":"Inbound Request","method":"POST","path":"/api/missing-persons","service":"eye-identify-backend","timestamp":"2026-02-04T09:53:27.648Z"}
{"body":{"additional_notes":"","age":21,"clothing_description":"blue shirt","full_name":"naira","gender":"female","height_cm":null,"height_range_max":null,"height_range_min":null,"last_seen_datetime":"2026-02-04T14:53:23.467982","last_seen_location":"TUF","photos":[],"status":"active","user_id":1},"level":"info","message":"Inbound Request","method":"POST","path":"/api/missing-persons","service":"eye-identify-backend","timestamp":"2026-02-04T09:53:27.910Z"}
{"body":{"additional_notes":"","age":21,"clothing_description":"blue shirt","full_name":"naira","gender":"female","height_cm":null,"height_range_max":null,"height_range_min":null,"last_seen_datetime":"2026-02-04T14:53:23.739753","last_seen_location":"TUF","photos":[],"status":"active","user_id":1},"level":"info","message":"Inbound Request","method":"POST","path":"/api/missing-persons","service":"eye-identify-backend","timestamp":"2026-02-04T09:53:28.173Z"}
{"body":{"additional_notes":"","age":21,"clothing_description":"blue shirt","full_name":"naira","gender":"female","height_cm":null,"height_range_max":null,"height_range_min":null,"last_seen_datetime":"2026-02-04T14:53:24.026923","last_seen_location":"TUF","photos":[],"status":"active","user_id":1},"level":"info","message":"Inbound Request","method":"POST","path":"/api/missing-persons","service":"eye-identify-backend","timestamp":"2026-02-04T09:53:28.462Z"}
{"body":{"additional_notes":"","age":21,"clothing_description":"blue shirt","full_name":"naira","gender":"female","height_cm":null,"height_range_max":null,"height_range_min":null,"last_seen_datetime":"2026-02-04T14:53:24.272912","last_seen_location":"TUF","photos":[],"status":"active","user_id":1},"level":"info","message":"Inbound Request","method":"POST","path":"/api/missing-persons","service":"eye-identify-backend","timestamp":"2026-02-04T09:53:28.710Z"}
{"body":{"additional_notes":"","age":21,"clothing_description":"blue shirt","full_name":"naira","gender":"female","height_cm":null,"height_range_max":null,"height_range_min":null,"last_seen_datetime":"2026-02-04T14:53:24.524239","last_seen_location":"TUF","photos":[],"status":"active","user_id":1},"level":"info","message":"Inbound Request","method":"POST","path":"/api/missing-persons","service":"eye-identify-backend","timestamp":"2026-02-04T09:53:28.959Z"}
{"body":{"additional_notes":"","age":21,"clothing_description":"blue shirt","full_name":"naira","gender":"female","height_cm":null,"height_range_max":null,"height_range_min":null,"last_seen_datetime":"2026-02-04T14:53:24.765349","last_seen_location":"TUF","photos":[],"status":"active","user_id":1},"level":"info","message":"Inbound Request","method":"POST","path":"/api/missing-persons","service":"eye-identify-backend","timestamp":"2026-02-04T09:53:29.200Z"}
{"body":{"additional_notes":"","age":21,"clothing_description":"blue shirt","full_name":"naira","gender":"female","height_cm":null,"height_range_max":null,"height_range_min":null,"last_seen_datetime":"2026-02-04T14:53:25.016796","last_seen_location":"TUF","photos":[],"status":"active","user_id":1},"level":"info","message":"Inbound Request","method":"POST","path":"/api/missing-persons","service":"eye-identify-backend","timestamp":"2026-02-04T09:53:29.448Z"}
{"body":{"additional_notes":"","age":21,"clothing_description":"blue shirt","full_name":"naira","gender":"female","height_cm":null,"height_range_max":null,"height_range_min":null,"last_seen_datetime":"2026-02-04T14:53:25.248844","last_seen_location":"TUF","photos":[],"status":"active","user_id":1},"level":"info","message":"Inbound Request","method":"POST","path":"/api/missing-persons","service":"eye-identify-backend","timestamp":"2026-02-04T09:53:29.704Z"}
{"body":{"additional_notes":"","age":21,"clothing_description":"blue shirt","full_name":"naira","gender":"female","height_cm":null,"height_range_max":null,"height_range_min":null,"last_seen_datetime":"2026-02-04T14:53:25.481793","last_seen_location":"TUF","photos":[],"status":"active","user_id":1},"level":"info","message":"Inbound Request","method":"POST","path":"/api/missing-persons","service":"eye-identify-backend","timestamp":"2026-02-04T09:53:29.896Z"}
{"body":{"additional_notes":"","age":21,"clothing_description":"blue shirt","full_name":"naira","gender":"female","height_cm":null,"height_range_max":null,"height_range_min":null,"last_seen_datetime":"2026-02-04T14:53:25.722751","last_seen_location":"TUF","photos":[],"status":"active","user_id":1},"level":"info","message":"Inbound Request","method":"POST","path":"/api/missing-persons","service":"eye-identify-backend","timestamp":"2026-02-04T09:53:30.169Z"}
{"body":{"additional_notes":"","age":21,"clothing_description":"blue shirt","full_name":"naira","gender":"female","height_cm":null,"height_range_max":null,"height_range_min":null,"last_seen_datetime":"2026-02-04T14:53:25.981585","last_seen_location":"TUF","photos":[],"status":"active","user_id":1},"level":"info","message":"Inbound Request","method":"POST","path":"/api/missing-persons","service":"eye-identify-backend","timestamp":"2026-02-04T09:53:30.407Z"}
{"body":{"additional_notes":"","age":21,"clothing_description":"blue shirt","full_name":"naira","gender":"female","height_cm":null,"height_range_max":null,"height_range_min":null,"last_seen_datetime":"2026-02-04T14:53:26.221369","last_seen_location":"TUF","photos":[],"status":"active","user_id":1},"level":"info","message":"Inbound Request","method":"POST","path":"/api/missing-persons","service":"eye-identify-backend","timestamp":"2026-02-04T09:53:30.641Z"}
{"body":{"additional_notes":"","age":21,"clothing_description":"blue shirt","full_name":"naira","gender":"female","height_cm":null,"height_range_max":null,"height_range_min":null,"last_seen_datetime":"2026-02-04T14:53:26.516656","last_seen_location":"TUF","photos":[],"status":"active","user_id":1},"level":"info","message":"Inbound Request","method":"POST","path":"/api/missing-persons","service":"eye-identify-backend","timestamp":"2026-02-04T09:53:30.951Z"}
{"body":{"additional_notes":"","age":21,"clothing_description":"blue shirt","full_name":"naira","gender":"female","height_cm":null,"height_range_max":null,"height_range_min":null,"last_seen_datetime":"2026-02-04T14:53:26.895246","last_seen_location":"TUF","photos":[],"status":"active","user_id":1},"level":"info","message":"Inbound Request","method":"POST","path":"/api/missing-persons","service":"eye-identify-backend","timestamp":"2026-02-04T09:53:31.329Z"}
{"body":{"additional_notes":"","age":21,"clothing_description":"blue shirt","full_name":"naira","gender":"female","height_cm":null,"height_range_max":null,"height_range_min":null,"last_seen_datetime":"2026-02-04T14:53:27.146917","last_seen_location":"TUF","photos":[],"status":"active","user_id":1},"level":"info","message":"Inbound Request","method":"POST","path":"/api/missing-persons","service":"eye-identify-backend","timestamp":"2026-02-04T09:53:31.563Z"}
{"body":{"additional_notes":"","age":21,"clothing_description":"blue shirt","full_name":"naira","gender":"female","height_cm":null,"height_range_max":null,"height_range_min":null,"last_seen_datetime":"2026-02-04T14:53:27.440335","last_seen_location":"TUF","photos":[],"status":"active","user_id":1},"level":"info","message":"Inbound Request","method":"POST","path":"/api/missing-persons","service":"eye-identify-backend","timestamp":"2026-02-04T09:53:31.857Z"}
{"body":{"additional_notes":"","age":21,"clothing_description":"blue shirt","full_name":"naira","gender":"female","height_cm":null,"height_range_max":null,"height_range_min":null,"last_seen_datetime":"2026-02-04T14:53:27.695180","last_seen_location":"TUF","photos":[],"status":"active","user_id":1},"level":"info","message":"Inbound Request","method":"POST","path":"/api/missing-persons","service":"eye-identify-backend","timestamp":"2026-02-04T09:53:32.134Z"}
{"body":{"additional_notes":"","age":21,"clothing_description":"blue shirt","full_name":"naira","gender":"female","height_cm":null,"height_range_max":null,"height_range_min":null,"last_seen_datetime":"2026-02-04T14:53:27.970948","last_seen_location":"TUF","photos":[],"status":"active","user_id":1},"level":"info","message":"Inbound Request","method":"POST","path":"/api/missing-persons","service":"eye-identify-backend","timestamp":"2026-02-04T09:53:32.416Z"}
{"body":{"additional_notes":"","age":21,"clothing_description":"blue shirt","full_name":"naira","gender":"female","height_cm":null,"height_range_max":null,"height_range_min":null,"last_seen_datetime":"2026-02-04T14:53:28.250766","last_seen_location":"TUF","photos":[],"status":"active","user_id":1},"level":"info","message":"Inbound Request","method":"POST","path":"/api/missing-persons","service":"eye-identify-backend","timestamp":"2026-02-04T09:53:32.690Z"}
{"body":{"additional_notes":"","age":21,"clothing_description":"blue shirt","full_name":"naira","gender":"female","height_cm":null,"height_range_max":null,"height_range_min":null,"last_seen_datetime":"2026-02-04T14:53:28.490211","last_seen_location":"TUF","photos":[],"status":"active","user_id":1},"level":"info","message":"Inbound Request","method":"POST","path":"/api/missing-persons","service":"eye-identify-backend","timestamp":"2026-02-04T09:53:32.940Z"}
{"body":{"additional_notes":"","age":21,"clothing_description":"blue shirt","full_name":"naira","gender":"female","height_cm":null,"height_range_max":null,"height_range_min":null,"last_seen_datetime":"2026-02-04T14:53:28.773325","last_seen_location":"TUF","photos":[],"status":"active","user_id":1},"level":"info","message":"Inbound Request","method":"POST","path":"/api/missing-persons","service":"eye-identify-backend","timestamp":"2026-02-04T09:53:33.222Z"}
{"body":{"additional_notes":"","age":21,"clothing_description":"blue shirt","full_name":"naira","gender":"female","height_cm":null,"height_range_max":null,"height_range_min":null,"last_seen_datetime":"2026-02-04T14:53:29.065755","last_seen_location":"TUF","photos":[],"status":"active","user_id":1},"level":"info","message":"Inbound Request","method":"POST","path":"/api/missing-persons","service":"eye-identify-backend","timestamp":"2026-02-04T09:53:33.481Z"}
{"body":{"additional_notes":"","age":21,"clothing_description":"blue shirt","full_name":"naira","gender":"female","height_cm":null,"height_range_max":null,"height_range_min":null,"last_seen_datetime":"2026-02-04T14:53:29.337755","last_seen_location":"TUF","photos":[],"status":"active","user_id":1},"level":"info","message":"Inbound Request","method":"POST","path":"/api/missing-persons","service":"eye-identify-backend","timestamp":"2026-02-04T09:53:33.766Z"}
{"body":{"additional_notes":"","age":21,"clothing_description":"blue shirt","full_name":"naira","gender":"female","height_cm":null,"height_range_max":null,"height_range_min":null,"last_seen_datetime":"2026-02-04T14:53:29.597999","last_seen_location":"TUF","photos":[],"status":"active","user_id":1},"level":"info","message":"Inbound Request","method":"POST","path":"/api/missing-persons","service":"eye-identify-backend","timestamp":"2026-02-04T09:53:34.027Z"}
{"body":{"additional_notes":"","age":21,"clothing_description":"blue shirt","full_name":"naira","gender":"female","height_cm":null,"height_range_max":null,"height_range_min":null,"last_seen_datetime":"2026-02-04T14:53:29.839131","last_seen_location":"TUF","photos":[],"status":"active","user_id":1},"level":"info","message":"Inbound Request","method":"POST","path":"/api/missing-persons","service":"eye-identify-backend","timestamp":"2026-02-04T09:53:34.258Z"}
{"body":{"additional_notes":"","age":21,"clothing_description":"blue shirt","full_name":"naira","gender":"female","height_cm":null,"height_range_max":null,"height_range_min":null,"last_seen_datetime":"2026-02-04T14:53:30.102685","last_seen_location":"TUF","photos":[],"status":"active","user_id":1},"level":"info","message":"Inbound Request","method":"POST","path":"/api/missing-persons","service":"eye-identify-backend","timestamp":"2026-02-04T09:53:34.551Z"}
{"body":{"additional_notes":"","age":21,"clothing_description":"blue shirt","full_name":"naira","gender":"female","height_cm":null,"height_range_max":null,"height_range_min":null,"last_seen_datetime":"2026-02-04T14:53:30.364274","last_seen_location":"TUF","photos":[],"status":"active","user_id":1},"level":"info","message":"Inbound Request","method":"POST","path":"/api/missing-persons","service":"eye-identify-backend","timestamp":"2026-02-04T09:53:34.806Z"}
{"body":{"additional_notes":"","age":21,"clothing_description":"blue shirt","full_name":"naira","gender":"female","height_cm":null,"height_range_max":null,"height_range_min":null,"last_seen_datetime":"2026-02-04T14:53:30.620082","last_seen_location":"TUF","photos":[],"status":"active","user_id":1},"level":"info","message":"Inbound Request","method":"POST","path":"/api/missing-persons","service":"eye-identify-backend","timestamp":"2026-02-04T09:53:35.067Z"}
{"body":{"additional_notes":"","age":21,"clothing_description":"blue shirt","full_name":"naira","gender":"female","height_cm":null,"height_range_max":null,"height_range_min":null,"last_seen_datetime":"2026-02-04T14:53:30.861166","last_seen_location":"TUF","photos":[],"status":"active","user_id":1},"level":"info","message":"Inbound Request","method":"POST","path":"/api/missing-persons","service":"eye-identify-backend","timestamp":"2026-02-04T09:53:35.299Z"}
{"body":{"additional_notes":"","age":21,"clothing_description":"blue shirt","full_name":"naira","gender":"female","height_cm":null,"height_range_max":null,"height_range_min":null,"last_seen_datetime":"2026-02-04T14:53:31.107120","last_seen_location":"TUF","photos":[],"status":"active","user_id":1},"level":"info","message":"Inbound Request","method":"POST","path":"/api/missing-persons","service":"eye-identify-backend","timestamp":"2026-02-04T09:53:35.528Z"}
{"body":{"additional_notes":"","age":21,"clothing_description":"blue shirt","full_name":"naira","gender":"female","height_cm":null,"height_range_max":null,"height_range_min":null,"last_seen_datetime":"2026-02-04T14:53:31.336265","last_seen_location":"TUF","photos":[],"status":"active","user_id":1},"level":"info","message":"Inbound Request","method":"POST","path":"/api/missing-persons","service":"eye-identify-backend","timestamp":"2026-02-04T09:53:35.752Z"}
{"body":{"additional_notes":"","age":21,"clothing_description":"blue shirt","full_name":"naira","gender":"female","height_cm":null,"height_range_max":null,"height_range_min":null,"last_seen_datetime":"2026-02-04T14:53:31.543613","last_seen_location":"TUF","photos":[],"status":"active","user_id":1},"level":"info","message":"Inbound Request","method":"POST","path":"/api/missing-persons","service":"eye-identify-backend","timestamp":"2026-02-04T09:53:36.003Z"}
{"body":{"additional_notes":"","age":21,"clothing_description":"blue shirt","full_name":"naira","gender":"female","height_cm":null,"height_range_max":null,"height_range_min":null,"last_seen_datetime":"2026-02-04T14:53:31.777667","last_seen_location":"TUF","photos":[],"status":"active","user_id":1},"level":"info","message":"Inbound Request","method":"POST","path":"/api/missing-persons","service":"eye-identify-backend","timestamp":"2026-02-04T09:53:36.212Z"}
{"body":{"additional_notes":"","age":21,"clothing_description":"blue shirt","full_name":"naira","gender":"female","height_cm":null,"height_range_max":null,"height_range_min":null,"last_seen_datetime":"2026-02-04T14:53:32.029316","last_seen_location":"TUF","photos":[],"status":"active","user_id":1},"level":"info","message":"Inbound Request","method":"POST","path":"/api/missing-persons","service":"eye-identify-backend","timestamp":"2026-02-04T09:53:36.477Z"}
{"body":{"additional_notes":"","age":21,"clothing_description":"blue shirt","full_name":"naira","gender":"female","height_cm":null,"height_range_max":null,"height_range_min":null,"last_seen_datetime":"2026-02-04T14:53:32.285403","last_seen_location":"TUF","photos":[],"status":"active","user_id":1},"level":"info","message":"Inbound Request","method":"POST","path":"/api/missing-persons","service":"eye-identify-backend","timestamp":"2026-02-04T09:53:36.705Z"}
{"body":{"additional_notes":"","age":21,"clothing_description":"blue shirt","full_name":"naira","gender":"female","height_cm":null,"height_range_max":null,"height_range_min":null,"last_seen_datetime":"2026-02-04T14:53:32.512527","last_seen_location":"TUF","photos":[],"status":"active","user_id":1},"level":"info","message":"Inbound Request","method":"POST","path":"/api/missing-persons","service":"eye-identify-backend","timestamp":"2026-02-04T09:53:36.945Z"}
{"body":{"additional_notes":"","age":21,"clothing_description":"blue shirt","full_name":"naira","gender":"female","height_cm":null,"height_range_max":null,"height_range_min":null,"last_seen_datetime":"2026-02-04T14:53:32.748943","last_seen_location":"TUF","photos":[],"status":"active","user_id":1},"level":"info","message":"Inbound Request","method":"POST","path":"/api/missing-persons","service":"eye-identify-backend","timestamp":"2026-02-04T09:53:37.180Z"}
{"body":{"additional_notes":"","age":21,"clothing_description":"blue shirt","full_name":"naira","gender":"female","height_cm":null,"height_range_max":null,"height_range_min":null,"last_seen_datetime":"2026-02-04T14:53:32.993930","last_seen_location":"TUF","photos":[],"status":"active","user_id":1},"level":"info","message":"Inbound Request","method":"POST","path":"/api/missing-persons","service":"eye-identify-backend","timestamp":"2026-02-04T09:53:37.436Z"}
{"body":{"additional_notes":"","age":21,"clothing_description":"blue shirt","full_name":"naira","gender":"female","height_cm":null,"height_range_max":null,"height_range_min":null,"last_seen_datetime":"2026-02-04T14:53:33.250665","last_seen_location":"TUF","photos":[],"status":"active","user_id":1},"level":"info","message":"Inbound Request","method":"POST","path":"/api/missing-persons","service":"eye-identify-backend","timestamp":"2026-02-04T09:53:37.686Z"}
{"body":{"additional_notes":"","age":21,"clothing_description":"blue shirt","full_name":"naira","gender":"female","height_cm":null,"height_range_max":null,"height_range_min":null,"last_seen_datetime":"2026-02-04T14:53:33.495618","last_seen_location":"TUF","photos":[],"status":"active","user_id":1},"level":"info","message":"Inbound Request","method":"POST","path":"/api/missing-persons","service":"eye-identify-backend","timestamp":"2026-02-04T09:53:37.935Z"}
{"body":{"additional_notes":"","age":21,"clothing_description":"blue shirt","full_name":"naira","gender":"female","height_cm":null,"height_range_max":null,"height_range_min":null,"last_seen_datetime":"2026-02-04T14:53:33.775720","last_seen_location":"TUF","photos":[],"status":"active","user_id":1},"level":"info","message":"Inbound Request","method":"POST","path":"/api/missing-persons","service":"eye-identify-backend","timestamp":"2026-02-04T09:53:38.219Z"}
{"body":{"additional_notes":"","age":21,"clothing_description":"blue shirt","full_name":"naira","gender":"female","height_cm":null,"height_range_max":null,"height_range_min":null,"last_seen_datetime":"2026-02-04T14:53:34.070360","last_seen_location":"TUF","photos":[],"status":"active","user_id":1},"level":"info","message":"Inbound Request","method":"POST","path":"/api/missing-persons","service":"eye-identify-backend","timestamp":"2026-02-04T09:53:38.520Z"}
{"body":{"additional_notes":"","age":21,"clothing_description":"blue shirt","full_name":"naira","gender":"female","height_cm":null,"height_range_max":null,"height_range_min":null,"last_seen_datetime":"2026-02-04T14:53:34.426929","last_seen_location":"TUF","photos":[],"status":"active","user_id":1},"level":"info","message":"Inbound Request","method":"POST","path":"/api/missing-persons","service":"eye-identify-backend","timestamp":"2026-02-04T09:53:38.865Z"}
{"body":{"additional_notes":"","age":21,"clothing_description":"blue shirt","full_name":"naira","gender":"female","height_cm":null,"height_range_max":null,"height_range_min":null,"last_seen_datetime":"2026-02-04T14:53:34.689790","last_seen_location":"TUF","photos":[],"status":"active","user_id":1},"level":"info","message":"Inbound Request","method":"POST","path":"/api/missing-persons","service":"eye-identify-backend","timestamp":"2026-02-04T09:53:39.116Z"}
{"body":{"additional_notes":"","age":21,"clothing_description":"blue shirt","full_name":"naira","gender":"female","height_cm":null,"height_range_max":null,"height_range_min":null,"last_seen_datetime":"2026-02-04T14:53:34.960023","last_seen_location":"TUF","photos":[],"status":"active","user_id":1},"level":"info","message":"Inbound Request","method":"POST","path":"/api/missing-persons","service":"eye-identify-backend","timestamp":"2026-02-04T09:53:39.402Z"}
{"body":null,"level":"info","message":"Inbound Request","method":"GET","path":"/api/alerts/snapshot","service":"eye-identify-backend","timestamp":"2026-02-04T09:53:39.482Z"}
{"body":{"additional_notes":"","age":21,"clothing_description":"blue shirt","full_name":"naira","gender":"female","height_cm":null,"height_range_max":null,"height_range_min":null,"last_seen_datetime":"2026-02-04T14:53:35.240880","last_seen_location":"TUF","photos":[],"status":"active","user_id":1},"level":"info","message":"Inbound Request","method":"POST","path":"/api/missing-persons","service":"eye-identify-backend","timestamp":"2026-02-04T09:53:39.669Z"}
{"body":{"additional_notes":"","age":21,"clothing_description":"blue shirt","full_name":"naira","gender":"female","height_cm":null,"height_range_max":null,"height_range_min":null,"last_seen_datetime":"2026-02-04T14:53:35.525612","last_seen_location":"TUF","photos":[],"status":"active","user_id":1},"level":"info","message":"Inbound Request","method":"POST","path":"/api/missing-persons","service":"eye-identify-backend","timestamp":"2026-02-04T09:53:39.977Z"}
{"body":{"additional_notes":"","age":21,"clothing_description":"blue shirt","full_name":"naira","gender":"female","height_cm":null,"height_range_max":null,"height_range_min":null,"last_seen_datetime":"2026-02-04T14:53:35.782980","last_seen_location":"TUF","photos":[],"status":"active","user_id":1},"level":"info","message":"Inbound Request","method":"POST","path":"/api/missing-persons","service":"eye-identify-backend","timestamp":"2026-02-04T09:53:40.237Z"}
{"body":{"additional_notes":"","age":21,"clothing_description":"blue shirt","full_name":"naira","gender":"female","height_cm":null,"height_range_max":null,"height_range_min":null,"last_seen_datetime":"2026-02-04T14:53:36.281764","last_seen_location":"TUF","photos":[],"status":"active","user_id":1},"level":"info","message":"Inbound Request","method":"POST","path":"/api/missing-persons","service":"eye-identify-backend","timestamp":"2026-02-04T09:53:40.729Z"}
{"body":{"additional_notes":"","age":21,"clothing_description":"blue shirt","full_name":"naira","gender":"female","height_cm":null,"height_range_max":null,"height_range_min":null,"last_seen_datetime":"2026-02-04T14:53:36.534209","last_seen_location":"TUF","photos":[],"status":"active","user_id":1},"level":"info","message":"Inbound Request","method":"POST","path":"/api/missing-persons","service":"eye-identify-backend","timestamp":"2026-02-04T09:53:40.950Z"}
{"body":{"additional_notes":"","age":21,"clothing_description":"blue shirt","full_name":"naira","gender":"female","height_cm":null,"height_range_max":null,"height_range_min":null,"last_seen_datetime":"2026-02-04T14:53:36.805790","last_seen_location":"TUF","photos":[],"status":"active","user_id":1},"level":"info","message":"Inbound Request","method":"POST","path":"/api/missing-persons","service":"eye-identify-backend","timestamp":"2026-02-04T09:53:41.251Z"}
{"body":{"additional_notes":"","age":21,"clothing_description":"blue shirt","full_name":"naira","gender":"female","height_cm":null,"height_range_max":null,"height_range_min":null,"last_seen_datetime":"2026-02-04T14:53:37.072816","last_seen_location":"TUF","photos":[],"status":"active","user_id":1},"level":"info","message":"Inbound Request","method":"POST","path":"/api/missing-persons","service":"eye-identify-backend","timestamp":"2026-02-04T09:53:41.504Z"}
{"body":{"additional_notes":"","age":21,"clothing_description":"blue shirt","full_name":"naira","gender":"female","height_cm":null,"height_range_max":null,"height_range_min":null,"last_seen_datetime":"2026-02-04T14:53:37.347942","last_seen_location":"TUF","photos":[],"status":"active","user_id":1},"level":"info","message":"Inbound Request","method":"POST","path":"/api/missing-persons","service":"eye-identify-backend","timestamp":"2026-02-04T09:53:41.801Z"}
{"body":{"additional_notes":"","age":21,"clothing_description":"blue shirt","full_name":"naira","gender":"female","height_cm":null,"height_range_max":null,"height_range_min":null,"last_seen_datetime":"2026-02-04T14:53:37.643054","last_seen_location":"TUF","photos":[],"status":"active","user_id":1},"level":"info","message":"Inbound Request","method":"POST","path":"/api/missing-persons","service":"eye-identify-backend","timestamp":"2026-02-04T09:53:42.063Z"}
{"body":{"additional_notes":"","age":21,"clothing_description":"blue shirt","full_name":"naira","gender":"female","height_cm":null,"height_range_max":null,"height_range_min":null,"last_seen_datetime":"2026-02-04T14:53:37.908342","last_seen_location":"TUF","photos":[],"status":"active","user_id":1},"level":"info","message":"Inbound Request","method":"POST","path":"/api/missing-persons","service":"eye-identify-backend","timestamp":"2026-02-04T09:53:42.356Z"}
{"body":{"additional_notes":"","age":21,"clothing_description":"blue shirt","full_name":"naira","gender":"female","height_cm":null,"height_range_max":null,"height_range_min":null,"last_seen_datetime":"2026-02-04T14:53:38.137445","last_seen_location":"TUF","photos":[],"status":"active","user_id":1},"level":"info","message":"Inbound Request","method":"POST","path":"/api/missing-persons","service":"eye-identify-backend","timestamp":"2026-02-04T09:53:42.584Z"}
{"body":{"additional_notes":"","age":21,"clothing_description":"blue shirt","full_name":"naira","gender":"female","height_cm":null,"height_range_max":null,"height_range_min":null,"last_seen_datetime":"2026-02-04T14:53:38.385059","last_seen_location":"TUF","photos":[],"status":"active","user_id":1},"level":"info","message":"Inbound Request","method":"POST","path":"/api/missing-persons","service":"eye-identify-backend","timestamp":"2026-02-04T09:53:42.812Z"}
{"body":{"additional_notes":"","age":21,"clothing_description":"blue shirt","full_name":"naira","gender":"female","height_cm":null,"height_range_max":null,"height_range_min":null,"last_seen_datetime":"2026-02-04T14:53:38.631402","last_seen_location":"TUF","photos":[],"status":"active","user_id":1},"level":"info","message":"Inbound Request","method":"POST","path":"/api/missing-persons","service":"eye-identify-backend","timestamp":"2026-02-04T09:53:43.049Z"}
{"body":{"additional_notes":"","age":21,"clothing_description":"blue shirt","full_name":"naira","gender":"female","height_cm":null,"height_range_max":null,"height_range_min":null,"last_seen_datetime":"2026-02-04T14:53:39.605378","last_seen_location":"TUF","photos":[],"status":"active","user_id":1},"level":"info","message":"Inbound Request","method":"POST","path":"/api/missing-persons","service":"eye-identify-backend","timestamp":"2026-02-04T09:53:44.044Z"}
{"body":{"additional_notes":"","age":21,"clothing_description":"blue shirt","full_name":"naira","gender":"female","height_cm":null,"height_range_max":null,"height_range_min":null,"last_seen_datetime":"2026-02-04T14:53:39.862457","last_seen_location":"TUF","photos":[],"status":"active","user_id":1},"level":"info","message":"Inbound Request","method":"POST","path":"/api/missing-persons","service":"eye-identify-backend","timestamp":"2026-02-04T09:53:44.295Z"}
{"body":{"additional_notes":"","age":21,"clothing_description":"blue shirt","full_name":"naira","gender":"female","height_cm":null,"height_range_max":null,"height_range_min":null,"last_seen_datetime":"2026-02-04T14:53:40.098921","last_seen_location":"TUF","photos":[],"status":"active","user_id":1},"level":"info","message":"Inbound Request","method":"POST","path":"/api/missing-persons","service":"eye-identify-backend","timestamp":"2026-02-04T09:53:44.529Z"}
{"body":{"additional_notes":"","age":21,"clothing_description":"blue shirt","full_name":"naira","gender":"female","height_cm":null,"height_range_max":null,"height_range_min":null,"last_seen_datetime":"2026-02-04T14:53:40.523875","last_seen_location":"TUF","photos":[],"status":"active","user_id":1},"level":"info","message":"Inbound Request","method":"POST","path":"/api/missing-persons","service":"eye-identify-backend","timestamp":"2026-02-04T09:53:44.975Z"}
{"body":{"additional_notes":"","age":21,"clothing_description":"blue shirt","full_name":"naira","gender":"female","height_cm":null,"height_range_max":null,"height_range_min":null,"last_seen_datetime":"2026-02-04T14:53:40.772935","last_seen_location":"TUF","photos":[],"status":"active","user_id":1},"level":"info","message":"Inbound Request","method":"POST","path":"/api/missing-persons","service":"eye-identify-backend","timestamp":"2026-02-04T09:53:45.205Z"}
{"body":{"additional_notes":"","age":21,"clothing_description":"blue shirt","full_name":"naira","gender":"female","height_cm":null,"height_range_max":null,"height_range_min":null,"last_seen_datetime":"2026-02-04T14:53:41.003547","last_seen_location":"TUF","photos":[],"status":"active","user_id":1},"level":"info","message":"Inbound Request","method":"POST","path":"/api/missing-persons","service":"eye-identify-backend","timestamp":"2026-02-04T09:53:45.437Z"}
{"body":{"additional_notes":"","age":21,"clothing_description":"blue shirt","full_name":"naira","gender":"female","height_cm":null,"height_range_max":null,"height_range_min":null,"last_seen_datetime":"2026-02-04T14:53:41.234456","last_seen_location":"TUF","photos":[],"status":"active","user_id":1},"level":"info","message":"Inbound Request","method":"POST","path":"/api/missing-persons","service":"eye-identify-backend","timestamp":"2026-02-04T09:53:45.654Z"}
{"body":{"additional_notes":"","age":21,"clothing_description":"blue shirt","full_name":"naira","gender":"female","height_cm":null,"height_range_max":null,"height_range_min":null,"last_seen_datetime":"2026-02-04T14:53:41.449486","last_seen_location":"TUF","photos":[],"status":"active","user_id":1},"level":"info","message":"Inbound Request","method":"POST","path":"/api/missing-persons","service":"eye-identify-backend","timestamp":"2026-02-04T09:53:45.865Z"}
{"body":{"additional_notes":"","age":21,"clothing_description":"blue shirt","full_name":"naira","gender":"female","height_cm":null,"height_range_max":null,"height_range_min":null,"last_seen_datetime":"2026-02-04T14:53:41.688339","last_seen_location":"TUF","photos":[],"status":"active","user_id":1},"level":"info","message":"Inbound Request","method":"POST","path":"/api/missing-persons","service":"eye-identify-backend","timestamp":"2026-02-04T09:53:46.102Z"}
{"body":{"additional_notes":"","age":21,"clothing_description":"blue shirt","full_name":"naira","gender":"female","height_cm":null,"height_range_max":null,"height_range_min":null,"last_seen_datetime":"2026-02-04T14:53:41.906825","last_seen_location":"TUF","photos":[],"status":"active","user_id":1},"level":"info","message":"Inbound Request","method":"POST","path":"/api/missing-persons","service":"eye-identify-backend","timestamp":"2026-02-04T09:53:46.324Z"}
{"body":{"additional_notes":"","age":21,"clothing_description":"blue shirt","full_name":"naira","gender":"female","height_cm":null,"height_range_max":null,"height_range_min":null,"last_seen_datetime":"2026-02-04T14:53:42.109675","last_seen_location":"TUF","photos":[],"status":"active","user_id":1},"level":"info","message":"Inbound Request","method":"POST","path":"/api/missing-persons","service":"eye-identify-backend","timestamp":"2026-02-04T09:53:46.576Z"}
{"body":{"additional_notes":"","age":21,"clothing_description":"blue shirt","full_name":"naira","gender":"female","height_cm":null,"height_range_max":null,"height_range_min":null,"last_seen_datetime":"2026-02-04T14:53:42.332877","last_seen_location":"TUF","photos":[],"status":"active","user_id":1},"level":"info","message":"Inbound Request","method":"POST","path":"/api/missing-persons","service":"eye-identify-backend","timestamp":"2026-02-04T09:53:46.769Z"}
{"body":{"additional_notes":"","age":21,"clothing_description":"blue shirt","full_name":"naira","gender":"female","height_cm":null,"height_range_max":null,"height_range_min":null,"last_seen_datetime":"2026-02-04T14:53:42.560275","last_seen_location":"TUF","photos":[],"status":"active","user_id":1},"level":"info","message":"Inbound Request","method":"POST","path":"/api/missing-persons","service":"eye-identify-backend","timestamp":"2026-02-04T09:53:46.996Z"}
{"body":{"additional_notes":"","age":21,"clothing_description":"blue shirt","full_name":"naira","gender":"female","height_cm":null,"height_range_max":null,"height_range_min":null,"last_seen_datetime":"2026-02-04T14:53:42.779218","last_seen_location":"TUF","photos":[],"status":"active","user_id":1},"level":"info","message":"Inbound Request","method":"POST","path":"/api/missing-persons","service":"eye-identify-backend","timestamp":"2026-02-04T09:53:47.219Z"}
{"body":{"additional_notes":"","age":21,"clothing_description":"blue shirt","full_name":"naira","gender":"female","height_cm":null,"height_range_max":null,"height_range_min":null,"last_seen_datetime":"2026-02-04T14:53:43.019239","last_seen_location":"TUF","photos":[],"status":"active","user_id":1},"level":"info","message":"Inbound Request","method":"POST","path":"/api/missing-persons","service":"eye-identify-backend","timestamp":"2026-02-04T09:53:47.457Z"}
{"body":{"additional_notes":"","age":21,"clothing_description":"blue shirt","full_name":"naira","gender":"female","height_cm":null,"height_range_max":null,"height_range_min":null,"last_seen_datetime":"2026-02-04T14:53:43.258654","last_seen_location":"TUF","photos":[],"status":"active","user_id":1},"level":"info","message":"Inbound Request","method":"POST","path":"/api/missing-persons","service":"eye-identify-backend","timestamp":"2026-02-04T09:53:47.713Z"}
{"body":{"additional_notes":"","age":21,"clothing_description":"blue shirt","full_name":"naira","gender":"female","height_cm":null,"height_range_max":null,"height_range_min":null,"last_seen_datetime":"2026-02-04T14:53:43.494955","last_seen_location":"TUF","photos":[],"status":"active","user_id":1},"level":"info","message":"Inbound Request","method":"POST","path":"/api/missing-persons","service":"eye-identify-backend","timestamp":"2026-02-04T09:53:47.946Z"}
{"body":{"additional_notes":"","age":21,"clothing_description":"blue shirt","full_name":"naira","gender":"female","height_cm":null,"height_range_max":null,"height_range_min":null,"last_seen_datetime":"2026-02-04T14:53:43.704829","last_seen_location":"TUF","photos":[],"status":"active","user_id":1},"level":"info","message":"Inbound Request","method":"POST","path":"/api/missing-persons","service":"eye-identify-backend","timestamp":"2026-02-04T09:53:48.128Z"}
{"body":{"additional_notes":"","age":21,"clothing_description":"blue shirt","full_name":"naira","gender":"female","height_cm":null,"height_range_max":null,"height_range_min":null,"last_seen_datetime":"2026-02-04T14:53:43.930896","last_seen_location":"TUF","photos":[],"status":"active","user_id":1},"level":"info","message":"Inbound Request","method":"POST","path":"/api/missing-persons","service":"eye-identify-backend","timestamp":"2026-02-04T09:53:48.386Z"}
{"body":{"additional_notes":"","age":21,"clothing_description":"blue shirt","full_name":"naira","gender":"female","height_cm":null,"height_range_max":null,"height_range_min":null,"last_seen_datetime":"2026-02-04T14:53:44.164569","last_seen_location":"TUF","photos":[],"status":"active","user_id":1},"level":"info","message":"Inbound Request","method":"POST","path":"/api/missing-persons","service":"eye-identify-backend","timestamp":"2026-02-04T09:53:48.590Z"}
{"body":{"additional_notes":"","age":21,"clothing_description":"blue shirt","full_name":"naira","gender":"female","height_cm":null,"height_range_max":null,"height_range_min":null,"last_seen_datetime":"2026-02-04T14:53:44.387975","last_seen_location":"TUF","photos":[],"status":"active","user_id":1},"level":"info","message":"Inbound Request","method":"POST","path":"/api/missing-persons","service":"eye-identify-backend","timestamp":"2026-02-04T09:53:48.812Z"}
{"body":{"additional_notes":"","age":21,"clothing_description":"blue shirt","full_name":"naira","gender":"female","height_cm":null,"height_range_max":null,"height_range_min":null,"last_seen_datetime":"2026-02-04T14:53:44.611640","last_seen_location":"TUF","photos":[],"status":"active","user_id":1},"level":"info","message":"Inbound Request","method":"POST","path":"/api/missing-persons","service":"eye-identify-backend","timestamp":"2026-02-04T09:53:49.043Z"}
{"body":{"additional_notes":"","age":21,"clothing_description":"blue shirt","full_name":"naira","gender":"female","height_cm":null,"height_range_max":null,"height_range_min":null,"last_seen_datetime":"2026-02-04T14:53:44.843998","last_seen_location":"TUF","photos":[],"status":"active","user_id":1},"level":"info","message":"Inbound Request","method":"POST","path":"/api/missing-persons","service":"eye-identify-backend","timestamp":"2026-02-04T09:53:49.280Z"}
{"body":{"additional_notes":"","age":21,"clothing_description":"blue shirt","full_name":"naira","gender":"female","height_cm":null,"height_range_max":null,"height_range_min":null,"last_seen_datetime":"2026-02-04T14:53:45.077911","last_seen_location":"TUF","photos":[],"status":"active","user_id":1},"level":"info","message":"Inbound Request","method":"POST","path":"/api/missing-persons","service":"eye-identify-backend","timestamp":"2026-02-04T09:53:49.524Z"}
{"body":{"additional_notes":"","age":21,"clothing_description":"blue shirt","full_name":"naira","gender":"female","height_cm":null,"height_range_max":null,"height_range_min":null,"last_seen_datetime":"2026-02-04T14:53:45.314010","last_seen_location":"TUF","photos":[],"status":"active","user_id":1},"level":"info","message":"Inbound Request","method":"POST","path":"/api/missing-persons","service":"eye-identify-backend","timestamp":"2026-02-04T09:53:49.750Z"}
{"body":{"additional_notes":"","age":21,"clothing_description":"blue shirt","full_name":"naira","gender":"female","height_cm":null,"height_range_max":null,"height_range_min":null,"last_seen_datetime":"2026-02-04T14:53:45.538834","last_seen_location":"TUF","photos":[],"status":"active","user_id":1},"level":"info","message":"Inbound Request","method":"POST","path":"/api/missing-persons","service":"eye-identify-backend","timestamp":"2026-02-04T09:53:49.954Z"}
{"body":{"additional_notes":"","age":21,"clothing_description":"blue shirt","full_name":"naira","gender":"female","height_cm":null,"height_range_max":null,"height_range_min":null,"last_seen_datetime":"2026-02-04T14:53:45.757540","last_seen_location":"TUF","photos":[],"status":"active","user_id":1},"level":"info","message":"Inbound Request","method":"POST","path":"/api/missing-persons","service":"eye-identify-backend","timestamp":"2026-02-04T09:53:50.195Z"}
{"body":{"additional_notes":"","age":21,"clothing_description":"blue shirt","full_name":"naira","gender":"female","height_cm":null,"height_range_max":null,"height_range_min":null,"last_seen_datetime":"2026-02-04T14:53:45.980269","last_seen_location":"TUF","photos":[],"status":"active","user_id":1},"level":"info","message":"Inbound Request","method":"POST","path":"/api/missing-persons","service":"eye-identify-backend","timestamp":"2026-02-04T09:53:50.409Z"}
{"body":{"additional_notes":"","age":21,"clothing_description":"blue shirt","full_name":"naira","gender":"female","height_cm":null,"height_range_max":null,"height_range_min":null,"last_seen_datetime":"2026-02-04T14:53:46.182845","last_seen_location":"TUF","photos":[],"status":"active","user_id":1},"level":"info","message":"Inbound Request","method":"POST","path":"/api/missing-persons","service":"eye-identify-backend","timestamp":"2026-02-04T09:53:50.608Z"}
{"body":{"additional_notes":"","age":21,"clothing_description":"blue shirt","full_name":"naira","gender":"female","height_cm":null,"height_range_max":null,"height_range_min":null,"last_seen_datetime":"2026-02-04T14:53:46.404472","last_seen_location":"TUF","photos":[],"status":"active","user_id":1},"level":"info","message":"Inbound Request","method":"POST","path":"/api/missing-persons","service":"eye-identify-backend","timestamp":"2026-02-04T09:53:50.843Z"}
{"body":{"additional_notes":"","age":21,"clothing_description":"blue shirt","full_name":"naira","gender":"female","height_cm":null,"height_range_max":null,"height_range_min":null,"last_seen_datetime":"2026-02-04T14:53:46.608088","last_seen_location":"TUF","photos":[],"status":"active","user_id":1},"level":"info","message":"Inbound Request","method":"POST","path":"/api/missing-persons","service":"eye-identify-backend","timestamp":"2026-02-04T09:53:51.025Z"}
{"body":{"additional_notes":"","age":21,"clothing_description":"blue shirt","full_name":"naira","gender":"female","height_cm":null,"height_range_max":null,"height_range_min":null,"last_seen_datetime":"2026-02-04T14:53:46.819165","last_seen_location":"TUF","photos":[],"status":"active","user_id":1},"level":"info","message":"Inbound Request","method":"POST","path":"/api/missing-persons","service":"eye-identify-backend","timestamp":"2026-02-04T09:53:51.253Z"}
{"body":{"additional_notes":"","age":21,"clothing_description":"blue shirt","full_name":"naira","gender":"female","height_cm":null,"height_range_max":null,"height_range_min":null,"last_seen_datetime":"2026-02-04T14:53:47.019397","last_seen_location":"TUF","photos":[],"status":"active","user_id":1},"level":"info","message":"Inbound Request","method":"POST","path":"/api/missing-persons","service":"eye-identify-backend","timestamp":"2026-02-04T09:53:51.435Z"}
{"body":{"additional_notes":"","age":21,"clothing_description":"blue shirt","full_name":"naira","gender":"female","height_cm":null,"height_range_max":null,"height_range_min":null,"last_seen_datetime":"2026-02-04T14:53:47.239071","last_seen_location":"TUF","photos":[],"status":"active","user_id":1},"level":"info","message":"Inbound Request","method":"POST","path":"/api/missing-persons","service":"eye-identify-backend","timestamp":"2026-02-04T09:53:51.709Z"}
{"body":{"additional_notes":"","age":21,"clothing_description":"blue shirt","full_name":"naira","gender":"female","height_cm":null,"height_range_max":null,"height_range_min":null,"last_seen_datetime":"2026-02-04T14:53:47.440651","last_seen_location":"TUF","photos":[],"status":"active","user_id":1},"level":"info","message":"Inbound Request","method":"POST","path":"/api/missing-persons","service":"eye-identify-backend","timestamp":"2026-02-04T09:53:51.858Z"}
{"body":{"additional_notes":"","age":21,"clothing_description":"blue shirt","full_name":"naira","gender":"female","height_cm":null,"height_range_max":null,"height_range_min":null,"last_seen_datetime":"2026-02-04T14:53:47.650622","last_seen_location":"TUF","photos":[],"status":"active","user_id":1},"level":"info","message":"Inbound Request","method":"POST","path":"/api/missing-persons","service":"eye-identify-backend","timestamp":"2026-02-04T09:53:52.072Z"}
{"body":{"additional_notes":"","age":21,"clothing_description":"blue shirt","full_name":"naira","gender":"female","height_cm":null,"height_range_max":null,"height_range_min":null,"last_seen_datetime":"2026-02-04T14:53:47.864626","last_seen_location":"TUF","photos":[],"status":"active","user_id":1},"level":"info","message":"Inbound Request","method":"POST","path":"/api/missing-persons","service":"eye-identify-backend","timestamp":"2026-02-04T09:53:52.288Z"}
{"body":{"additional_notes":"","age":21,"clothing_description":"blue shirt","full_name":"naira","gender":"female","height_cm":null,"height_range_max":null,"height_range_min":null,"last_seen_datetime":"2026-02-04T14:53:50.059491","last_seen_location":"TUF","photos":[],"status":"active","user_id":1},"level":"info","message":"Inbound Request","method":"POST","path":"/api/missing-persons","service":"eye-identify-backend","timestamp":"2026-02-04T09:53:54.490Z"}
{"body":{"additional_notes":"","age":21,"clothing_description":"blue shirt","full_name":"naira","gender":"female","height_cm":null,"height_range_max":null,"height_range_min":null,"last_seen_datetime":"2026-02-04T14:53:51.468433","last_seen_location":"TUF","photos":[],"status":"active","user_id":1},"level":"info","message":"Inbound Request","method":"POST","path":"/api/missing-persons","service":"eye-identify-backend","timestamp":"2026-02-04T09:53:55.901Z"}
{"body":null,"level":"info","message":"Inbound Request","method":"GET","path":"/api/alerts/my","service":"eye-identify-backend","timestamp":"2026-02-04T09:54:05.353Z"}
{"body":null,"level":"info","message":"Inbound Request","method":"GET","path":"/api/alerts/snapshot","service":"eye-identify-backend","timestamp":"2026-02-04T09:54:39.439Z"}
{"body":null,"level":"info","message":"Inbound Request","method":"GET","path":"/api/alerts/snapshot","service":"eye-identify-backend","timestamp":"2026-02-04T09:55:39.446Z"}
{"body":{"email":"abc@gmail.com"},"level":"info","message":"Inbound Request","method":"POST","path":"/api/auth/login","service":"eye-identify-backend","timestamp":"2026-02-04T09:56:29.404Z"}
{"body":null,"level":"info","message":"Inbound Request","method":"GET","path":"/api/alerts/my","service":"eye-identify-backend","timestamp":"2026-02-04T09:56:29.672Z"}
{"body":null,"level":"info","message":"Inbound Request","method":"GET","path":"/api/missing-persons/my","service":"eye-identify-backend","timestamp":"2026-02-04T09:56:29.689Z"}
{"body":null,"level":"info","message":"Inbound Request","method":"GET","path":"/api/missing-persons","service":"eye-identify-backend","timestamp":"2026-02-04T09:56:29.693Z"}
{"body":null,"level":"info","message":"Inbound Request","method":"GET","path":"/api/cameras","service":"eye-identify-backend","timestamp":"2026-02-04T09:56:29.696Z"}
{"level":"info","message":"WebSocket client disconnected","service":"eye-identify-backend","timestamp":"2026-02-04T09:56:40.111Z"}
{"level":"info","message":"WebSocket client disconnected","service":"eye-identify-backend","timestamp":"2026-02-04T09:56:40.112Z"}
{"level":"info","message":"Server running in undefined mode on port 5001","service":"eye-identify-backend","timestamp":"2026-02-12T12:42:10.243Z"}
{"level":"info","message":"Alert expiry worker started (30000ms)","service":"eye-identify-backend","timestamp":"2026-02-12T12:42:10.247Z"}
{"body":null,"level":"info","message":"Inbound Request","method":"GET","path":"/api/alerts/snapshot","service":"eye-identify-backend","timestamp":"2026-02-12T12:42:43.783Z"}
{"body":null,"level":"info","message":"Inbound Request","method":"GET","path":"/api/alerts/snapshot","service":"eye-identify-backend","timestamp":"2026-02-12T12:43:29.625Z"}
{"body":null,"level":"info","message":"Inbound Request","method":"GET","path":"/api/alerts/snapshot","service":"eye-identify-backend","timestamp":"2026-02-12T12:43:31.894Z"}
{"body":null,"level":"info","message":"Inbound Request","method":"POST","path":"/api/notifications/device-token","service":"eye-identify-backend","timestamp":"2026-02-12T12:47:58.998Z"}
{"level":"info","message":"WebSocket client connected","service":"eye-identify-backend","timestamp":"2026-02-12T12:48:05.614Z"}
{"level":"info","message":"WebSocket client connected","service":"eye-identify-backend","timestamp":"2026-02-12T12:48:05.617Z"}
{"body":null,"level":"info","message":"Inbound Request","method":"GET","path":"/api/alerts/snapshot","service":"eye-identify-backend","timestamp":"2026-02-12T12:48:06.141Z"}
{"body":null,"level":"info","message":"Inbound Request","method":"GET","path":"/api/alerts/my","service":"eye-identify-backend","timestamp":"2026-02-12T12:48:06.150Z"}
{"body":null,"level":"info","message":"Inbound Request","method":"GET","path":"/api/missing-persons/my","service":"eye-identify-backend","timestamp":"2026-02-12T12:48:06.157Z"}
{"body":null,"level":"info","message":"Inbound Request","method":"GET","path":"/api/missing-persons","service":"eye-identify-backend","timestamp":"2026-02-12T12:48:06.165Z"}
{"body":null,"level":"info","message":"Inbound Request","method":"GET","path":"/api/cameras","service":"eye-identify-backend","timestamp":"2026-02-12T12:48:06.168Z"}
{"body":null,"level":"info","message":"Inbound Request","method":"GET","path":"/api/alerts/snapshot","service":"eye-identify-backend","timestamp":"2026-02-12T12:48:11.534Z"}
{"body":null,"level":"info","message":"Inbound Request","method":"GET","path":"/api/alerts/snapshot","service":"eye-identify-backend","timestamp":"2026-02-12T12:48:21.734Z"}
{"body":null,"level":"info","message":"Inbound Request","method":"GET","path":"/api/alerts/snapshot","service":"eye-identify-backend","timestamp":"2026-02-12T12:48:42.013Z"}
{"body":null,"level":"info","message":"Inbound Request","method":"GET","path":"/api/alerts/snapshot","service":"eye-identify-backend","timestamp":"2026-02-12T12:49:05.761Z"}
{"level":"info","message":"WebSocket client disconnected","service":"eye-identify-backend","timestamp":"2026-02-12T12:49:40.427Z"}
{"level":"info","message":"Server running in undefined mode on port 5001","service":"eye-identify-backend","timestamp":"2026-02-12T13:35:14.187Z"}
{"level":"info","message":"Alert expiry worker started (30000ms)","service":"eye-identify-backend","timestamp":"2026-02-12T13:35:14.190Z"}
{"body":null,"level":"info","message":"Inbound Request","method":"GET","path":"/api/alerts/snapshot","service":"eye-identify-backend","timestamp":"2026-02-12T13:35:59.662Z"}
{"body":null,"level":"info","message":"Inbound Request","method":"GET","path":"/api/alerts/snapshot","service":"eye-identify-backend","timestamp":"2026-02-12T13:36:17.361Z"}
{"body":null,"level":"info","message":"Inbound Request","method":"GET","path":"/api/alerts/snapshot","service":"eye-identify-backend","timestamp":"2026-02-12T13:37:17.204Z"}
{"body":null,"level":"info","message":"Inbound Request","method":"GET","path":"/api/alerts/snapshot","service":"eye-identify-backend","timestamp":"2026-02-12T13:38:17.210Z"}
{"body":null,"level":"info","message":"Inbound Request","method":"POST","path":"/api/notifications/device-token","service":"eye-identify-backend","timestamp":"2026-02-12T13:38:32.568Z"}
{"level":"info","message":"WebSocket client connected","service":"eye-identify-backend","timestamp":"2026-02-12T13:38:37.793Z"}
{"level":"info","message":"WebSocket client connected","service":"eye-identify-backend","timestamp":"2026-02-12T13:38:37.794Z"}
{"body":null,"level":"info","message":"Inbound Request","method":"GET","path":"/api/alerts/snapshot","service":"eye-identify-backend","timestamp":"2026-02-12T13:38:38.129Z"}
{"body":null,"level":"info","message":"Inbound Request","method":"GET","path":"/api/alerts/my","service":"eye-identify-backend","timestamp":"2026-02-12T13:38:38.134Z"}
{"body":null,"level":"info","message":"Inbound Request","method":"GET","path":"/api/missing-persons/my","service":"eye-identify-backend","timestamp":"2026-02-12T13:38:38.138Z"}
{"body":null,"level":"info","message":"Inbound Request","method":"GET","path":"/api/missing-persons","service":"eye-identify-backend","timestamp":"2026-02-12T13:38:38.145Z"}
{"body":null,"level":"info","message":"Inbound Request","method":"GET","path":"/api/cameras","service":"eye-identify-backend","timestamp":"2026-02-12T13:38:38.148Z"}
{"body":null,"level":"info","message":"Inbound Request","method":"GET","path":"/api/alerts/snapshot","service":"eye-identify-backend","timestamp":"2026-02-12T13:38:43.376Z"}
{"body":null,"level":"info","message":"Inbound Request","method":"GET","path":"/api/alerts/snapshot","service":"eye-identify-backend","timestamp":"2026-02-12T13:38:53.455Z"}
{"body":null,"level":"info","message":"Inbound Request","method":"GET","path":"/api/alerts/snapshot","service":"eye-identify-backend","timestamp":"2026-02-12T13:39:13.542Z"}
{"body":null,"level":"info","message":"Inbound Request","method":"GET","path":"/api/alerts/snapshot","service":"eye-identify-backend","timestamp":"2026-02-12T13:39:37.814Z"}
{"body":null,"level":"info","message":"Inbound Request","method":"GET","path":"/api/alerts/snapshot","service":"eye-identify-backend","timestamp":"2026-02-12T13:40:17.896Z"}
{"body":null,"level":"info","message":"Inbound Request","method":"GET","path":"/api/alerts/snapshot","service":"eye-identify-backend","timestamp":"2026-02-12T13:40:37.784Z"}
{"level":"info","message":"Server running in undefined mode on port 5001","service":"eye-identify-backend","timestamp":"2026-03-03T13:56:33.054Z"}
{"level":"info","message":"Alert expiry worker started (30000ms)","service":"eye-identify-backend","timestamp":"2026-03-03T13:56:33.060Z"}
{"level":"info","message":"Supabase alerts realtime status","service":"eye-identify-backend","status":"CHANNEL_ERROR","timestamp":"2026-03-03T13:56:33.516Z"}
{"level":"info","message":"Supabase alerts realtime status","service":"eye-identify-backend","status":"TIMED_OUT","timestamp":"2026-03-03T13:56:43.051Z"}
{"error":"Invalid API key","level":"error","message":"Alert expiry sweep failed","service":"eye-identify-backend","timestamp":"2026-03-03T13:57:03.272Z"}
{"error":"Invalid API key","level":"error","message":"Alert expiry sweep failed","service":"eye-identify-backend","timestamp":"2026-03-03T13:57:33.233Z"}
{"error":"Invalid API key","level":"error","message":"Alert expiry sweep failed","service":"eye-identify-backend","timestamp":"2026-03-03T13:58:03.271Z"}
{"error":"Invalid API key","level":"error","message":"Alert expiry sweep failed","service":"eye-identify-backend","timestamp":"2026-03-03T13:58:33.279Z"}
{"body":null,"level":"info","message":"Inbound Request","method":"GET","path":"/health","service":"eye-identify-backend","timestamp":"2026-03-03T13:58:48.367Z"}
{"level":"info","message":"Server running in undefined mode on port 5001","service":"eye-identify-backend","timestamp":"2026-03-03T13:59:37.314Z"}
{"level":"info","message":"Alert expiry worker started (30000ms)","service":"eye-identify-backend","timestamp":"2026-03-03T13:59:37.321Z"}
{"level":"info","message":"Supabase alerts realtime status","service":"eye-identify-backend","status":"CHANNEL_ERROR","timestamp":"2026-03-03T13:59:37.493Z"}
{"level":"info","message":"Supabase alerts realtime status","service":"eye-identify-backend","status":"TIMED_OUT","timestamp":"2026-03-03T13:59:47.314Z"}
{"error":"Invalid API key","level":"error","message":"Alert expiry sweep failed","service":"eye-identify-backend","timestamp":"2026-03-03T14:00:07.507Z"}
{"error":"Invalid API key","level":"error","message":"Alert expiry sweep failed","service":"eye-identify-backend","timestamp":"2026-03-03T14:00:37.631Z"}
{"level":"info","message":"Server running in undefined mode on port 5001","service":"eye-identify-backend","timestamp":"2026-03-03T14:03:33.438Z"}
{"level":"info","message":"Alert expiry worker started (30000ms)","service":"eye-identify-backend","timestamp":"2026-03-03T14:03:33.441Z"}
{"body":null,"level":"info","message":"Inbound Request","method":"GET","path":"/health","service":"eye-identify-backend","timestamp":"2026-03-03T14:03:33.793Z"}
{"body":{"email":"qa_1772546613754@example.com","full_name":"QA User","role":"user"},"level":"info","message":"Inbound Request","method":"POST","path":"/api/auth/register","service":"eye-identify-backend","timestamp":"2026-03-03T14:03:33.826Z"}
{"level":"info","message":"Supabase alerts realtime status","service":"eye-identify-backend","status":"SUBSCRIBED","timestamp":"2026-03-03T14:03:34.677Z"}
{"body":{"email":"qa_1772546613754@example.com"},"level":"info","message":"Inbound Request","method":"POST","path":"/api/auth/login","service":"eye-identify-backend","timestamp":"2026-03-03T14:03:34.744Z"}
{"error":"Could not find the table 'public.profiles' in the schema cache","level":"error","message":"Login failed","service":"eye-identify-backend","timestamp":"2026-03-03T14:03:35.459Z"}
{"level":"info","message":"Server running in undefined mode on port 5001","service":"eye-identify-backend","timestamp":"2026-03-03T14:04:05.294Z"}
{"level":"info","message":"Alert expiry worker started (30000ms)","service":"eye-identify-backend","timestamp":"2026-03-03T14:04:05.297Z"}
{"level":"info","message":"Supabase alerts realtime status","service":"eye-identify-backend","status":"SUBSCRIBED","timestamp":"2026-03-03T14:04:05.966Z"}
{"body":{"email":"qa2_1772546647616@example.com","full_name":"QA User"},"level":"info","message":"Inbound Request","method":"POST","path":"/api/auth/register","service":"eye-identify-backend","timestamp":"2026-03-03T14:04:07.664Z"}
{"body":{"email":"qa2_1772546647616@example.com"},"level":"info","message":"Inbound Request","method":"POST","path":"/api/auth/login","service":"eye-identify-backend","timestamp":"2026-03-03T14:04:08.633Z"}
{"error":"Could not find the table 'public.profiles' in the schema cache","level":"error","message":"Login failed","service":"eye-identify-backend","timestamp":"2026-03-03T14:04:09.350Z"}
{"level":"info","message":"Server running in undefined mode on port 5001","service":"eye-identify-backend","timestamp":"2026-03-03T14:15:24.037Z"}
{"level":"info","message":"Alert expiry worker started (30000ms)","service":"eye-identify-backend","timestamp":"2026-03-03T14:15:24.042Z"}
{"level":"info","message":"Supabase alerts realtime status","service":"eye-identify-backend","status":"SUBSCRIBED","timestamp":"2026-03-03T14:15:25.394Z"}
{"body":{"email":"qa_1772547326653@example.com","full_name":"QA User","role":"user"},"level":"info","message":"Inbound Request","method":"POST","path":"/api/auth/register","service":"eye-identify-backend","timestamp":"2026-03-03T14:15:26.744Z"}
{"body":{"email":"qa_1772547326653@example.com"},"level":"info","message":"Inbound Request","method":"POST","path":"/api/auth/login","service":"eye-identify-backend","timestamp":"2026-03-03T14:15:27.602Z"}
{"error":"Could not find the table 'public.profiles' in the schema cache","level":"error","message":"Login failed","service":"eye-identify-backend","timestamp":"2026-03-03T14:15:28.257Z"}
{"level":"info","message":"Server running in undefined mode on port 5001","service":"eye-identify-backend","timestamp":"2026-03-03T14:17:10.597Z"}
{"level":"info","message":"Alert expiry worker started (30000ms)","service":"eye-identify-backend","timestamp":"2026-03-03T14:17:10.603Z"}
{"level":"info","message":"Supabase alerts realtime status","service":"eye-identify-backend","status":"SUBSCRIBED","timestamp":"2026-03-03T14:17:11.382Z"}
{"body":null,"level":"info","message":"Inbound Request","method":"GET","path":"/health","service":"eye-identify-backend","timestamp":"2026-03-03T14:17:13.353Z"}
{"body":{"email":"qa_1772547433313@example.com","full_name":"QA User","role":"user"},"level":"info","message":"Inbound Request","method":"POST","path":"/api/auth/register","service":"eye-identify-backend","timestamp":"2026-03-03T14:17:13.386Z"}
{"body":{"email":"qa_1772547433313@example.com"},"level":"info","message":"Inbound Request","method":"POST","path":"/api/auth/login","service":"eye-identify-backend","timestamp":"2026-03-03T14:17:15.536Z"}
{"body":null,"level":"info","message":"Inbound Request","method":"GET","path":"/api/auth/me","service":"eye-identify-backend","timestamp":"2026-03-03T14:17:16.200Z"}
{"body":null,"level":"info","message":"Inbound Request","method":"GET","path":"/api/cameras","service":"eye-identify-backend","timestamp":"2026-03-03T14:17:17.038Z"}
{"body":null,"level":"info","message":"Inbound Request","method":"GET","path":"/api/alerts/snapshot","service":"eye-identify-backend","timestamp":"2026-03-03T14:17:17.623Z"}
{"error":"column a.ai_summary does not exist","level":"error","message":"Fetch alerts failed","service":"eye-identify-backend","timestamp":"2026-03-03T14:17:17.985Z"}
{"level":"info","message":"Server running in undefined mode on port 5001","service":"eye-identify-backend","timestamp":"2026-03-03T14:18:02.361Z"}
{"level":"info","message":"Alert expiry worker started (30000ms)","service":"eye-identify-backend","timestamp":"2026-03-03T14:18:02.364Z"}
{"level":"info","message":"Supabase alerts realtime status","service":"eye-identify-backend","status":"SUBSCRIBED","timestamp":"2026-03-03T14:18:03.059Z"}
{"body":{"email":"qa_1772547485119@example.com","full_name":"QA User","role":"user"},"level":"info","message":"Inbound Request","method":"POST","path":"/api/auth/register","service":"eye-identify-backend","timestamp":"2026-03-03T14:18:05.166Z"}
{"body":{"email":"qa_1772547485119@example.com"},"level":"info","message":"Inbound Request","method":"POST","path":"/api/auth/login","service":"eye-identify-backend","timestamp":"2026-03-03T14:18:07.032Z"}
{"body":null,"level":"info","message":"Inbound Request","method":"GET","path":"/api/alerts/snapshot","service":"eye-identify-backend","timestamp":"2026-03-03T14:18:07.724Z"}
{"error":"column a.ai_summary does not exist","level":"error","message":"Fetch alerts failed","service":"eye-identify-backend","timestamp":"2026-03-03T14:18:08.074Z"}
{"level":"info","message":"Server running in undefined mode on port 5001","service":"eye-identify-backend","timestamp":"2026-03-03T14:18:47.869Z"}
{"level":"info","message":"Alert expiry worker started (30000ms)","service":"eye-identify-backend","timestamp":"2026-03-03T14:18:47.871Z"}
{"level":"info","message":"Supabase alerts realtime status","service":"eye-identify-backend","status":"SUBSCRIBED","timestamp":"2026-03-03T14:18:48.568Z"}
{"body":{"email":"qa_1772547530630@example.com","full_name":"QA User","role":"user"},"level":"info","message":"Inbound Request","method":"POST","path":"/api/auth/register","service":"eye-identify-backend","timestamp":"2026-03-03T14:18:50.689Z"}
{"body":{"email":"qa_1772547530630@example.com"},"level":"info","message":"Inbound Request","method":"POST","path":"/api/auth/login","service":"eye-identify-backend","timestamp":"2026-03-03T14:18:52.553Z"}
{"body":null,"level":"info","message":"Inbound Request","method":"GET","path":"/api/alerts/snapshot","service":"eye-identify-backend","timestamp":"2026-03-03T14:18:53.258Z"}
{"error":"column a.ai_summary does not exist","level":"error","message":"Fetch alerts failed","service":"eye-identify-backend","timestamp":"2026-03-03T14:18:53.593Z"}
{"level":"info","message":"Server running in undefined mode on port 5001","service":"eye-identify-backend","timestamp":"2026-03-03T14:20:42.743Z"}
{"level":"info","message":"Alert expiry worker started (30000ms)","service":"eye-identify-backend","timestamp":"2026-03-03T14:20:42.746Z"}
{"level":"info","message":"Supabase alerts realtime status","service":"eye-identify-backend","status":"SUBSCRIBED","timestamp":"2026-03-03T14:20:43.654Z"}
{"body":{"email":"qa_1772547645398@example.com","full_name":"QA User","role":"user"},"level":"info","message":"Inbound Request","method":"POST","path":"/api/auth/register","service":"eye-identify-backend","timestamp":"2026-03-03T14:20:45.462Z"}
{"body":{"email":"qa_1772547645398@example.com"},"level":"info","message":"Inbound Request","method":"POST","path":"/api/auth/login","service":"eye-identify-backend","timestamp":"2026-03-03T14:20:47.467Z"}
{"body":null,"level":"info","message":"Inbound Request","method":"GET","path":"/api/alerts/snapshot","service":"eye-identify-backend","timestamp":"2026-03-03T14:20:48.163Z"}
{"error":"invalid input syntax for type integer: \"d7171f47-571b-4c43-bd8c-c13ba6728ef3\"","level":"error","message":"Fetch alerts failed","service":"eye-identify-backend","timestamp":"2026-03-03T14:20:48.616Z"}
{"level":"info","message":"Server running in undefined mode on port 5001","service":"eye-identify-backend","timestamp":"2026-03-03T14:21:05.250Z"}
{"level":"info","message":"Alert expiry worker started (30000ms)","service":"eye-identify-backend","timestamp":"2026-03-03T14:21:05.253Z"}
{"level":"info","message":"Supabase alerts realtime status","service":"eye-identify-backend","status":"SUBSCRIBED","timestamp":"2026-03-03T14:21:05.906Z"}
{"body":{"email":"qa_1772547667546@example.com","full_name":"QA User","role":"user"},"level":"info","message":"Inbound Request","method":"POST","path":"/api/auth/register","service":"eye-identify-backend","timestamp":"2026-03-03T14:21:07.602Z"}
{"body":{"email":"qa_1772547667546@example.com"},"level":"info","message":"Inbound Request","method":"POST","path":"/api/auth/login","service":"eye-identify-backend","timestamp":"2026-03-03T14:21:09.103Z"}
{"body":null,"level":"info","message":"Inbound Request","method":"GET","path":"/api/alerts/snapshot","service":"eye-identify-backend","timestamp":"2026-03-03T14:21:09.758Z"}
{"level":"info","message":"Server running in undefined mode on port 5001","service":"eye-identify-backend","timestamp":"2026-03-03T14:24:56.903Z"}
{"level":"info","message":"Alert expiry worker started (30000ms)","service":"eye-identify-backend","timestamp":"2026-03-03T14:24:56.908Z"}
{"level":"info","message":"Supabase alerts realtime status","service":"eye-identify-backend","status":"SUBSCRIBED","timestamp":"2026-03-03T14:24:58.373Z"}
{"body":null,"level":"info","message":"Inbound Request","method":"GET","path":"/health","service":"eye-identify-backend","timestamp":"2026-03-03T14:25:00.071Z"}
{"body":{"email":"qa_1772547900015@example.com","full_name":"QA User","role":"user"},"level":"info","message":"Inbound Request","method":"POST","path":"/api/auth/register","service":"eye-identify-backend","timestamp":"2026-03-03T14:25:00.118Z"}
{"body":{"email":"qa_1772547900015@example.com"},"level":"info","message":"Inbound Request","method":"POST","path":"/api/auth/login","service":"eye-identify-backend","timestamp":"2026-03-03T14:25:01.982Z"}
{"body":null,"level":"info","message":"Inbound Request","method":"GET","path":"/api/auth/me","service":"eye-identify-backend","timestamp":"2026-03-03T14:25:02.667Z"}
{"body":null,"level":"info","message":"Inbound Request","method":"GET","path":"/api/cameras","service":"eye-identify-backend","timestamp":"2026-03-03T14:25:03.522Z"}
{"body":null,"level":"info","message":"Inbound Request","method":"GET","path":"/api/alerts/snapshot","service":"eye-identify-backend","timestamp":"2026-03-03T14:25:04.235Z"}
{"error":"getaddrinfo ENOTFOUND db.jpchmjjmcqhiidvpseck.supabase.co","level":"error","message":"Fetch alerts failed","service":"eye-identify-backend","timestamp":"2026-03-03T14:25:04.671Z"}
{"level":"info","message":"Server running in undefined mode on port 5001","service":"eye-identify-backend","timestamp":"2026-03-03T14:34:02.460Z"}
{"level":"info","message":"Alert expiry worker started (30000ms)","service":"eye-identify-backend","timestamp":"2026-03-03T14:34:02.467Z"}
{"level":"info","message":"Supabase alerts realtime status","service":"eye-identify-backend","status":"SUBSCRIBED","timestamp":"2026-03-03T14:34:04.042Z"}
{"body":null,"level":"info","message":"Inbound Request","method":"GET","path":"/health","service":"eye-identify-backend","timestamp":"2026-03-03T14:34:05.636Z"}
{"body":{"email":"qa_1772548445571@example.com","full_name":"QA User","role":"user"},"level":"info","message":"Inbound Request","method":"POST","path":"/api/auth/register","service":"eye-identify-backend","timestamp":"2026-03-03T14:34:05.684Z"}
{"body":{"email":"qa_1772548445571@example.com"},"level":"info","message":"Inbound Request","method":"POST","path":"/api/auth/login","service":"eye-identify-backend","timestamp":"2026-03-03T14:34:07.665Z"}
{"body":null,"level":"info","message":"Inbound Request","method":"GET","path":"/api/alerts/snapshot","service":"eye-identify-backend","timestamp":"2026-03-03T14:34:08.334Z"}
{"error":"column c.camera_id does not exist","level":"error","message":"Fetch alerts failed","service":"eye-identify-backend","timestamp":"2026-03-03T14:34:10.177Z"}
{"level":"info","message":"Server running in undefined mode on port 5001","service":"eye-identify-backend","timestamp":"2026-03-03T14:34:38.415Z"}
{"level":"info","message":"Alert expiry worker started (30000ms)","service":"eye-identify-backend","timestamp":"2026-03-03T14:34:38.421Z"}
{"level":"info","message":"Supabase alerts realtime status","service":"eye-identify-backend","status":"SUBSCRIBED","timestamp":"2026-03-03T14:34:39.300Z"}
{"body":{"email":"qa_1772548480866@example.com","full_name":"QA User","role":"user"},"level":"info","message":"Inbound Request","method":"POST","path":"/api/auth/register","service":"eye-identify-backend","timestamp":"2026-03-03T14:34:40.981Z"}
{"body":{"email":"qa_1772548480866@example.com"},"level":"info","message":"Inbound Request","method":"POST","path":"/api/auth/login","service":"eye-identify-backend","timestamp":"2026-03-03T14:34:42.599Z"}
{"body":null,"level":"info","message":"Inbound Request","method":"GET","path":"/api/alerts/snapshot","service":"eye-identify-backend","timestamp":"2026-03-03T14:34:43.254Z"}
{"error":"column a.read_timestamp does not exist","level":"error","message":"Fetch alerts failed","service":"eye-identify-backend","timestamp":"2026-03-03T14:34:45.103Z"}
{"level":"info","message":"Server running in undefined mode on port 5001","service":"eye-identify-backend","timestamp":"2026-03-03T14:35:16.671Z"}
{"level":"info","message":"Alert expiry worker started (30000ms)","service":"eye-identify-backend","timestamp":"2026-03-03T14:35:16.674Z"}
{"level":"info","message":"Supabase alerts realtime status","service":"eye-identify-backend","status":"SUBSCRIBED","timestamp":"2026-03-03T14:35:17.320Z"}
{"body":{"email":"qa_1772548519175@example.com","full_name":"QA User","role":"user"},"level":"info","message":"Inbound Request","method":"POST","path":"/api/auth/register","service":"eye-identify-backend","timestamp":"2026-03-03T14:35:19.224Z"}
{"body":{"email":"qa_1772548519175@example.com"},"level":"info","message":"Inbound Request","method":"POST","path":"/api/auth/login","service":"eye-identify-backend","timestamp":"2026-03-03T14:35:20.832Z"}
{"body":null,"level":"info","message":"Inbound Request","method":"GET","path":"/api/alerts/snapshot","service":"eye-identify-backend","timestamp":"2026-03-03T14:35:21.515Z"}
{"error":"column d.face_match_score does not exist","level":"error","message":"Fetch alerts failed","service":"eye-identify-backend","timestamp":"2026-03-03T14:35:23.997Z"}
{"level":"info","message":"Server running in undefined mode on port 5001","service":"eye-identify-backend","timestamp":"2026-03-03T14:35:50.623Z"}
{"level":"info","message":"Alert expiry worker started (30000ms)","service":"eye-identify-backend","timestamp":"2026-03-03T14:35:50.625Z"}
{"level":"info","message":"Supabase alerts realtime status","service":"eye-identify-backend","status":"SUBSCRIBED","timestamp":"2026-03-03T14:35:51.369Z"}
{"body":{"email":"qa_1772548553000@example.com","full_name":"QA User","role":"user"},"level":"info","message":"Inbound Request","method":"POST","path":"/api/auth/register","service":"eye-identify-backend","timestamp":"2026-03-03T14:35:53.052Z"}
{"body":{"email":"qa_1772548553000@example.com"},"level":"info","message":"Inbound Request","method":"POST","path":"/api/auth/login","service":"eye-identify-backend","timestamp":"2026-03-03T14:35:54.713Z"}
{"body":null,"level":"info","message":"Inbound Request","method":"GET","path":"/api/alerts/snapshot","service":"eye-identify-backend","timestamp":"2026-03-03T14:35:55.400Z"}
{"level":"info","message":"Server running in undefined mode on port 5001","service":"eye-identify-backend","timestamp":"2026-03-03T14:37:13.601Z"}
{"level":"info","message":"Alert expiry worker started (30000ms)","service":"eye-identify-backend","timestamp":"2026-03-03T14:37:13.604Z"}
{"level":"info","message":"Supabase alerts realtime status","service":"eye-identify-backend","status":"SUBSCRIBED","timestamp":"2026-03-03T14:37:14.266Z"}
{"body":null,"level":"info","message":"Inbound Request","method":"GET","path":"/health","service":"eye-identify-backend","timestamp":"2026-03-03T14:37:16.971Z"}
{"body":{"email":"qa_1772548636928@example.com","full_name":"QA User","role":"user"},"level":"info","message":"Inbound Request","method":"POST","path":"/api/auth/register","service":"eye-identify-backend","timestamp":"2026-03-03T14:37:17.001Z"}
{"body":{"email":"qa_1772548636928@example.com"},"level":"info","message":"Inbound Request","method":"POST","path":"/api/auth/login","service":"eye-identify-backend","timestamp":"2026-03-03T14:37:18.607Z"}
{"body":null,"level":"info","message":"Inbound Request","method":"GET","path":"/api/auth/me","service":"eye-identify-backend","timestamp":"2026-03-03T14:37:19.487Z"}
{"body":null,"level":"info","message":"Inbound Request","method":"GET","path":"/api/cameras","service":"eye-identify-backend","timestamp":"2026-03-03T14:37:20.406Z"}
{"body":null,"level":"info","message":"Inbound Request","method":"GET","path":"/api/alerts/snapshot","service":"eye-identify-backend","timestamp":"2026-03-03T14:37:21.107Z"}
{"error":"self-signed certificate in certificate chain","level":"error","message":"Fetch alerts failed","service":"eye-identify-backend","timestamp":"2026-03-03T14:37:25.004Z"}
{"level":"info","message":"Server running in undefined mode on port 5001","service":"eye-identify-backend","timestamp":"2026-03-03T14:37:40.987Z"}
{"level":"info","message":"Alert expiry worker started (30000ms)","service":"eye-identify-backend","timestamp":"2026-03-03T14:37:40.990Z"}
{"level":"info","message":"Supabase alerts realtime status","service":"eye-identify-backend","status":"SUBSCRIBED","timestamp":"2026-03-03T14:37:41.619Z"}
{"body":{"email":"qa_1772548663758@example.com","full_name":"QA User","role":"user"},"level":"info","message":"Inbound Request","method":"POST","path":"/api/auth/register","service":"eye-identify-backend","timestamp":"2026-03-03T14:37:43.805Z"}
{"body":{"email":"qa_1772548663758@example.com"},"level":"info","message":"Inbound Request","method":"POST","path":"/api/auth/login","service":"eye-identify-backend","timestamp":"2026-03-03T14:37:45.367Z"}
{"body":null,"level":"info","message":"Inbound Request","method":"GET","path":"/api/alerts/snapshot","service":"eye-identify-backend","timestamp":"2026-03-03T14:37:46.019Z"}
{"error":"self-signed certificate in certificate chain","level":"error","message":"Fetch alerts failed","service":"eye-identify-backend","timestamp":"2026-03-03T14:37:49.649Z"}
{"level":"info","message":"Server running in undefined mode on port 5001","service":"eye-identify-backend","timestamp":"2026-03-03T14:38:08.069Z"}
{"level":"info","message":"Alert expiry worker started (30000ms)","service":"eye-identify-backend","timestamp":"2026-03-03T14:38:08.072Z"}
{"level":"info","message":"Supabase alerts realtime status","service":"eye-identify-backend","status":"SUBSCRIBED","timestamp":"2026-03-03T14:38:08.713Z"}
{"body":{"email":"qa_1772548690773@example.com","full_name":"QA User","role":"user"},"level":"info","message":"Inbound Request","method":"POST","path":"/api/auth/register","service":"eye-identify-backend","timestamp":"2026-03-03T14:38:10.830Z"}
{"body":{"email":"qa_1772548690773@example.com"},"level":"info","message":"Inbound Request","method":"POST","path":"/api/auth/login","service":"eye-identify-backend","timestamp":"2026-03-03T14:38:12.350Z"}
{"body":null,"level":"info","message":"Inbound Request","method":"GET","path":"/api/alerts/snapshot","service":"eye-identify-backend","timestamp":"2026-03-03T14:38:13.008Z"}
{"level":"info","message":"Server running in undefined mode on port 5001","service":"eye-identify-backend","timestamp":"2026-03-03T14:43:17.596Z"}
{"level":"info","message":"Alert expiry worker started (30000ms)","service":"eye-identify-backend","timestamp":"2026-03-03T14:43:17.598Z"}
{"level":"info","message":"Supabase alerts realtime status","service":"eye-identify-backend","status":"SUBSCRIBED","timestamp":"2026-03-03T14:43:18.583Z"}
{"body":{"email":"user_1772549000435@example.com","full_name":"Normal User","role":"user"},"level":"info","message":"Inbound Request","method":"POST","path":"/api/auth/register","service":"eye-identify-backend","timestamp":"2026-03-03T14:43:20.494Z"}
{"body":{"email":"user_1772549000435@example.com"},"level":"info","message":"Inbound Request","method":"POST","path":"/api/auth/login","service":"eye-identify-backend","timestamp":"2026-03-03T14:43:22.468Z"}
{"body":{"email":"admin_1772549000435@example.com","fullName":"Admin User","role":"admin"},"level":"info","message":"Inbound Request","method":"POST","path":"/api/auth/register","service":"eye-identify-backend","timestamp":"2026-03-03T14:43:23.127Z"}
{"body":{"email":"admin_1772549000435@example.com"},"level":"info","message":"Inbound Request","method":"POST","path":"/api/auth/login","service":"eye-identify-backend","timestamp":"2026-03-03T14:43:24.455Z"}
{"body":null,"level":"info","message":"Inbound Request","method":"GET","path":"/api/cameras","service":"eye-identify-backend","timestamp":"2026-03-03T14:43:25.091Z"}
{"body":{"lat":1,"lng":2,"location":"L1","name":"C1"},"level":"info","message":"Inbound Request","method":"POST","path":"/api/cameras","service":"eye-identify-backend","timestamp":"2026-03-03T14:43:25.648Z"}
{"body":{"lat":1,"lng":2,"location":"L1","name":"C1"},"level":"info","message":"Inbound Request","method":"POST","path":"/api/cameras","service":"eye-identify-backend","timestamp":"2026-03-03T14:43:25.925Z"}
{"body":null,"level":"info","message":"Inbound Request","method":"GET","path":"/api/cameras/1dd70ca6-3467-41c0-89e2-b45fa19fe577","service":"eye-identify-backend","timestamp":"2026-03-03T14:43:26.486Z"}
{"body":{"name":"C1-upd","status":"active"},"level":"info","message":"Inbound Request","method":"PUT","path":"/api/cameras/1dd70ca6-3467-41c0-89e2-b45fa19fe577","service":"eye-identify-backend","timestamp":"2026-03-03T14:43:27.034Z"}
{"body":null,"level":"info","message":"Inbound Request","method":"DELETE","path":"/api/cameras/1dd70ca6-3467-41c0-89e2-b45fa19fe577","service":"eye-identify-backend","timestamp":"2026-03-03T14:43:27.584Z"}
{"body":null,"level":"info","message":"Inbound Request","method":"PATCH","path":"/api/alerts/999999/read","service":"eye-identify-backend","timestamp":"2026-03-03T14:43:28.133Z"}
{"body":null,"level":"info","message":"Inbound Request","method":"PATCH","path":"/api/alerts/999999/acknowledge","service":"eye-identify-backend","timestamp":"2026-03-03T14:43:31.440Z"}
{"body":null,"level":"info","message":"Inbound Request","method":"PATCH","path":"/api/alerts/999999/dismiss","service":"eye-identify-backend","timestamp":"2026-03-03T14:43:32.238Z"}
{"body":null,"level":"info","message":"Inbound Request","method":"GET","path":"/api/detections/999999","service":"eye-identify-backend","timestamp":"2026-03-03T14:43:33.027Z"}
{"body":null,"level":"info","message":"Inbound Request","method":"POST","path":"/api/detections/999999/verify","service":"eye-identify-backend","timestamp":"2026-03-03T14:43:33.567Z"}
{"body":{"age":12,"full_name":"Case Person"},"level":"info","message":"Inbound Request","method":"POST","path":"/api/missing-persons","service":"eye-identify-backend","timestamp":"2026-03-03T14:43:34.147Z"}
{"body":null,"level":"info","message":"Inbound Request","method":"GET","path":"/api/missing-persons/2/detections","service":"eye-identify-backend","timestamp":"2026-03-03T14:43:35.037Z"}
{"body":null,"level":"info","message":"Inbound Request","method":"GET","path":"/api/notifications","service":"eye-identify-backend","timestamp":"2026-03-03T14:43:35.647Z"}
{"body":null,"level":"info","message":"Inbound Request","method":"PATCH","path":"/api/notifications/00000000-0000-0000-0000-000000000000/read","service":"eye-identify-backend","timestamp":"2026-03-03T14:43:36.248Z"}
{"level":"info","message":"Server running in undefined mode on port 5001","service":"eye-identify-backend","timestamp":"2026-03-03T14:43:58.425Z"}
{"level":"info","message":"Alert expiry worker started (30000ms)","service":"eye-identify-backend","timestamp":"2026-03-03T14:43:58.428Z"}
{"level":"info","message":"Supabase alerts realtime status","service":"eye-identify-backend","status":"SUBSCRIBED","timestamp":"2026-03-03T14:43:59.055Z"}
{"body":{"email":"u_1772549040743@e.com","full_name":"U"},"level":"info","message":"Inbound Request","method":"POST","path":"/api/auth/register","service":"eye-identify-backend","timestamp":"2026-03-03T14:44:00.838Z"}
{"body":{"email":"u_1772549040743@e.com"},"level":"info","message":"Inbound Request","method":"POST","path":"/api/auth/login","service":"eye-identify-backend","timestamp":"2026-03-03T14:44:02.390Z"}
{"body":null,"level":"info","message":"Inbound Request","method":"POST","path":"/api/detections/999999/verify","service":"eye-identify-backend","timestamp":"2026-03-03T14:44:03.025Z"}
{"level":"info","message":"Server running in undefined mode on port 5001","service":"eye-identify-backend","timestamp":"2026-03-03T14:44:17.772Z"}
{"level":"info","message":"Alert expiry worker started (30000ms)","service":"eye-identify-backend","timestamp":"2026-03-03T14:44:17.775Z"}
{"level":"info","message":"Supabase alerts realtime status","service":"eye-identify-backend","status":"SUBSCRIBED","timestamp":"2026-03-03T14:44:19.353Z"}
{"body":{"email":"u_1772549060094@e.com","full_name":"U"},"level":"info","message":"Inbound Request","method":"POST","path":"/api/auth/register","service":"eye-identify-backend","timestamp":"2026-03-03T14:44:20.168Z"}
{"body":{"email":"u_1772549060094@e.com"},"level":"info","message":"Inbound Request","method":"POST","path":"/api/auth/login","service":"eye-identify-backend","timestamp":"2026-03-03T14:44:22.051Z"}
{"body":null,"level":"info","message":"Inbound Request","method":"POST","path":"/api/detections/999999/verify","service":"eye-identify-backend","timestamp":"2026-03-03T14:44:22.735Z"}
{"level":"info","message":"Server running in undefined mode on port 5001","service":"eye-identify-backend","timestamp":"2026-03-03T14:46:29.658Z"}
{"level":"info","message":"Alert expiry worker started (30000ms)","service":"eye-identify-backend","timestamp":"2026-03-03T14:46:29.660Z"}
{"level":"info","message":"Supabase alerts realtime status","service":"eye-identify-backend","status":"SUBSCRIBED","timestamp":"2026-03-03T14:46:30.454Z"}
{"body":{"email":"admin_1772549191938@example.com","fullName":"A","role":"admin"},"level":"info","message":"Inbound Request","method":"POST","path":"/api/auth/register","service":"eye-identify-backend","timestamp":"2026-03-03T14:46:31.992Z"}
{"body":{"email":"admin_1772549191938@example.com"},"level":"info","message":"Inbound Request","method":"POST","path":"/api/auth/login","service":"eye-identify-backend","timestamp":"2026-03-03T14:46:34.051Z"}
{"body":{"lat":1,"lng":2,"location":"LocX","name":"CamX"},"level":"info","message":"Inbound Request","method":"POST","path":"/api/cameras","service":"eye-identify-backend","timestamp":"2026-03-03T14:46:34.722Z"}
{"body":null,"level":"info","message":"Inbound Request","method":"GET","path":"/api/cameras","service":"eye-identify-backend","timestamp":"2026-03-03T14:46:37.093Z"}
{"level":"info","message":"Server running in undefined mode on port 5001","service":"eye-identify-backend","timestamp":"2026-03-03T14:48:39.385Z"}
{"level":"info","message":"Alert expiry worker started (30000ms)","service":"eye-identify-backend","timestamp":"2026-03-03T14:48:39.388Z"}
{"level":"info","message":"Supabase alerts realtime status","service":"eye-identify-backend","status":"SUBSCRIBED","timestamp":"2026-03-03T14:48:40.518Z"}
{"body":{"email":"ai_1772549321837@example.com","full_name":"AI User","role":"user"},"level":"info","message":"Inbound Request","method":"POST","path":"/api/auth/register","service":"eye-identify-backend","timestamp":"2026-03-03T14:48:41.871Z"}
{"body":{"email":"ai_1772549321837@example.com"},"level":"info","message":"Inbound Request","method":"POST","path":"/api/auth/login","service":"eye-identify-backend","timestamp":"2026-03-03T14:48:43.812Z"}
{"body":{"age":22,"full_name":"Missing A","last_seen_location":"Karachi"},"level":"info","message":"Inbound Request","method":"POST","path":"/api/missing-persons","service":"eye-identify-backend","timestamp":"2026-03-03T14:48:44.495Z"}
{"body":{"bbox":{"h":4,"w":3,"x":1,"y":2},"camera_id":"1","clothing_score":0.82,"detection_timestamp":"2026-03-03T14:48:45.404Z","face_score":0.91,"message":"AI test alert","missing_person_id":3,"track_id":"track-ai-1772549325404","user_id":"4fec1532-4d24-4c04-b0c0-2e66f40b14d2"},"level":"info","message":"Inbound Request","method":"POST","path":"/api/detections/ingest","service":"eye-identify-backend","timestamp":"2026-03-03T14:48:45.408Z"}
{"error":"Could not find the 'color_match_score' column of 'detections' in the schema cache","level":"error","message":"Detection ingest failed","service":"eye-identify-backend","timestamp":"2026-03-03T14:48:46.026Z"}
{"body":{"bbox":{"h":4,"w":3,"x":1,"y":2},"camera_id":"1","clothing_score":0.82,"detection_timestamp":"2026-03-03T14:48:46.840Z","face_score":0.91,"message":"AI test alert","missing_person_id":3,"track_id":"track-ai-1772549325404","user_id":"4fec1532-4d24-4c04-b0c0-2e66f40b14d2"},"level":"info","message":"Inbound Request","method":"POST","path":"/api/detections/ingest","service":"eye-identify-backend","timestamp":"2026-03-03T14:48:46.843Z"}
{"error":"Could not find the 'color_match_score' column of 'detections' in the schema cache","level":"error","message":"Detection ingest failed","service":"eye-identify-backend","timestamp":"2026-03-03T14:48:47.444Z"}
{"body":{"bbox":{"h":4,"w":3,"x":1,"y":2},"camera_id":"1","clothing_score":0.82,"detection_timestamp":"2026-03-03T14:48:48.251Z","face_score":0.91,"message":"AI test alert","missing_person_id":3,"track_id":"track-ai-1772549325404","user_id":"4fec1532-4d24-4c04-b0c0-2e66f40b14d2"},"level":"info","message":"Inbound Request","method":"POST","path":"/api/detections/ingest","service":"eye-identify-backend","timestamp":"2026-03-03T14:48:48.254Z"}
{"error":"Could not find the 'color_match_score' column of 'detections' in the schema cache","level":"error","message":"Detection ingest failed","service":"eye-identify-backend","timestamp":"2026-03-03T14:48:48.858Z"}
{"body":{"age":22,"clothing_description":"blue shirt","distinguishing_features":"scar on eyebrow","gender":"female","last_seen_date":"2026-03-01","last_seen_location":"Karachi","name":"Missing A"},"level":"info","message":"Inbound Request","method":"POST","path":"/api/missing-persons/generate-description","service":"eye-identify-backend","timestamp":"2026-03-03T14:48:50.203Z"}
{"error":"Claude API failed: 401 {\"type\":\"error\",\"error\":{\"type\":\"authentication_error\",\"message\":\"invalid x-api-key\"},\"request_id\":\"req_011CYgLBLykg5KytH2HEUJvx\"}","level":"error","message":"Generate description failed","service":"eye-identify-backend","timestamp":"2026-03-03T14:48:51.018Z"}
{"level":"info","message":"Server running in undefined mode on port 5001","service":"eye-identify-backend","timestamp":"2026-03-03T14:58:34.167Z"}
{"level":"info","message":"Alert expiry worker started (30000ms)","service":"eye-identify-backend","timestamp":"2026-03-03T14:58:34.174Z"}
{"level":"info","message":"Supabase alerts realtime status","service":"eye-identify-backend","status":"SUBSCRIBED","timestamp":"2026-03-03T14:58:35.797Z"}
{"body":{"email":"ai_1772549916721@example.com","full_name":"AI User","role":"user"},"level":"info","message":"Inbound Request","method":"POST","path":"/api/auth/register","service":"eye-identify-backend","timestamp":"2026-03-03T14:58:36.758Z"}
{"body":{"email":"ai_1772549916721@example.com"},"level":"info","message":"Inbound Request","method":"POST","path":"/api/auth/login","service":"eye-identify-backend","timestamp":"2026-03-03T14:58:38.713Z"}
{"body":{"age":22,"full_name":"Missing A","last_seen_location":"Karachi"},"level":"info","message":"Inbound Request","method":"POST","path":"/api/missing-persons","service":"eye-identify-backend","timestamp":"2026-03-03T14:58:39.398Z"}
{"body":{"bbox":{"h":4,"w":3,"x":1,"y":2},"camera_id":"1","clothing_score":0.82,"detection_timestamp":"2026-03-03T14:58:40.318Z","face_score":0.91,"message":"AI test alert","missing_person_id":4,"track_id":"track-ai-1772549920318","user_id":"7f207efb-293e-4f0f-8ec1-bdda2613858a"},"level":"info","message":"Inbound Request","method":"POST","path":"/api/detections/ingest","service":"eye-identify-backend","timestamp":"2026-03-03T14:58:40.322Z"}
{"body":{"bbox":{"h":4,"w":3,"x":1,"y":2},"camera_id":"1","clothing_score":0.82,"detection_timestamp":"2026-03-03T14:58:45.133Z","face_score":0.91,"message":"AI test alert","missing_person_id":4,"track_id":"track-ai-1772549920318","user_id":"7f207efb-293e-4f0f-8ec1-bdda2613858a"},"level":"info","message":"Inbound Request","method":"POST","path":"/api/detections/ingest","service":"eye-identify-backend","timestamp":"2026-03-03T14:58:45.137Z"}
{"body":{"bbox":{"h":4,"w":3,"x":1,"y":2},"camera_id":"1","clothing_score":0.82,"detection_timestamp":"2026-03-03T14:58:50.064Z","face_score":0.91,"message":"AI test alert","missing_person_id":4,"track_id":"track-ai-1772549920318","user_id":"7f207efb-293e-4f0f-8ec1-bdda2613858a"},"level":"info","message":"Inbound Request","method":"POST","path":"/api/detections/ingest","service":"eye-identify-backend","timestamp":"2026-03-03T14:58:50.066Z"}
{"body":{"age":22,"clothing_description":"blue shirt","distinguishing_features":"scar on eyebrow","gender":"female","last_seen_date":"2026-03-01","last_seen_location":"Karachi","name":"Missing A"},"level":"info","message":"Inbound Request","method":"POST","path":"/api/missing-persons/generate-description","service":"eye-identify-backend","timestamp":"2026-03-03T14:58:55.267Z"}
{"error":"Gemini API failed: 404 {\n  \"error\": {\n    \"code\": 404,\n    \"message\": \"models/gemini-1.5-flash is not found for API version v1beta, or is not supported for generateContent. Call ListModels to see the list of available models and their supported methods.\",\n    \"status\": \"NOT_FOUND\"\n  }\n}\n","level":"error","message":"Generate description failed","service":"eye-identify-backend","timestamp":"2026-03-03T14:58:56.206Z"}
{"level":"info","message":"Server running in undefined mode on port 5001","service":"eye-identify-backend","timestamp":"2026-03-03T14:59:28.814Z"}
{"level":"info","message":"Alert expiry worker started (30000ms)","service":"eye-identify-backend","timestamp":"2026-03-03T14:59:28.816Z"}
{"level":"info","message":"Supabase alerts realtime status","service":"eye-identify-backend","status":"SUBSCRIBED","timestamp":"2026-03-03T14:59:29.459Z"}
{"body":{"email":"ai2_1772549971120@example.com","full_name":"AI User","role":"user"},"level":"info","message":"Inbound Request","method":"POST","path":"/api/auth/register","service":"eye-identify-backend","timestamp":"2026-03-03T14:59:31.152Z"}
{"body":{"email":"ai2_1772549971120@example.com"},"level":"info","message":"Inbound Request","method":"POST","path":"/api/auth/login","service":"eye-identify-backend","timestamp":"2026-03-03T14:59:32.790Z"}
{"body":{"age":28,"full_name":"Missing B","last_seen_location":"Lahore"},"level":"info","message":"Inbound Request","method":"POST","path":"/api/missing-persons","service":"eye-identify-backend","timestamp":"2026-03-03T14:59:33.433Z"}
{"body":{"bbox":{"h":4,"w":3,"x":1,"y":2},"camera_id":"1","clothing_score":0.9,"detection_timestamp":"2026-03-03T15:59:34.293Z","face_score":0.95,"message":"AI summary test","missing_person_id":5,"track_id":"track-ai2-1772549974293","user_id":"850c879a-5a50-4edf-af4f-d36cbc1661a8"},"level":"info","message":"Inbound Request","method":"POST","path":"/api/detections/ingest","service":"eye-identify-backend","timestamp":"2026-03-03T14:59:34.298Z"}
{"body":{"bbox":{"h":4,"w":3,"x":1,"y":2},"camera_id":"1","clothing_score":0.9,"detection_timestamp":"2026-03-03T15:59:34.293Z","face_score":0.95,"message":"AI summary test","missing_person_id":5,"track_id":"track-ai2-1772549974293","user_id":"850c879a-5a50-4edf-af4f-d36cbc1661a8"},"level":"info","message":"Inbound Request","method":"POST","path":"/api/detections/ingest","service":"eye-identify-backend","timestamp":"2026-03-03T14:59:38.026Z"}
{"body":{"bbox":{"h":4,"w":3,"x":1,"y":2},"camera_id":"1","clothing_score":0.9,"detection_timestamp":"2026-03-03T15:59:34.293Z","face_score":0.95,"message":"AI summary test","missing_person_id":5,"track_id":"track-ai2-1772549974293","user_id":"850c879a-5a50-4edf-af4f-d36cbc1661a8"},"level":"info","message":"Inbound Request","method":"POST","path":"/api/detections/ingest","service":"eye-identify-backend","timestamp":"2026-03-03T14:59:41.984Z"}
{"body":"{\n  \"error\": {\n    \"code\": 404,\n    \"message\": \"models/gemini-1.5-flash-latest is not found for API version v1beta, or is not supported for generateContent. Call ListModels to see the list of available models and their supported methods.\",\n    \"status\": \"NOT_FOUND\"\n  }\n}\n","level":"error","message":"Gemini summary failed","service":"eye-identify-backend","status":404,"timestamp":"2026-03-03T14:59:47.106Z"}
{"body":{"age":28,"clothing_description":"black jacket","distinguishing_features":"tattoo on right hand","gender":"male","last_seen_date":"2026-03-02","last_seen_location":"Lahore","name":"Missing B"},"level":"info","message":"Inbound Request","method":"POST","path":"/api/missing-persons/generate-description","service":"eye-identify-backend","timestamp":"2026-03-03T14:59:51.145Z"}
{"error":"Gemini API failed: 404 {\n  \"error\": {\n    \"code\": 404,\n    \"message\": \"models/gemini-1.5-flash-latest is not found for API version v1beta, or is not supported for generateContent. Call ListModels to see the list of available models and their supported methods.\",\n    \"status\": \"NOT_FOUND\"\n  }\n}\n","level":"error","message":"Generate description failed","service":"eye-identify-backend","timestamp":"2026-03-03T14:59:52.103Z"}
{"level":"info","message":"Server running in undefined mode on port 5001","service":"eye-identify-backend","timestamp":"2026-03-03T15:00:30.201Z"}
{"level":"info","message":"Alert expiry worker started (30000ms)","service":"eye-identify-backend","timestamp":"2026-03-03T15:00:30.205Z"}
{"level":"info","message":"Supabase alerts realtime status","service":"eye-identify-backend","status":"SUBSCRIBED","timestamp":"2026-03-03T15:00:30.950Z"}
{"body":{"email":"ai3_1772550031424@example.com","full_name":"AI User","role":"user"},"level":"info","message":"Inbound Request","method":"POST","path":"/api/auth/register","service":"eye-identify-backend","timestamp":"2026-03-03T15:00:31.508Z"}
{"body":{"email":"ai3_1772550031424@example.com"},"level":"info","message":"Inbound Request","method":"POST","path":"/api/auth/login","service":"eye-identify-backend","timestamp":"2026-03-03T15:00:33.905Z"}
{"body":{"age":31,"full_name":"Missing C","last_seen_location":"Islamabad"},"level":"info","message":"Inbound Request","method":"POST","path":"/api/missing-persons","service":"eye-identify-backend","timestamp":"2026-03-03T15:00:34.607Z"}
{"body":{"bbox":{"h":4,"w":3,"x":1,"y":2},"camera_id":"1","clothing_score":0.9,"detection_timestamp":"2026-03-03T16:00:35.519Z","face_score":0.95,"message":"AI summary test","missing_person_id":6,"track_id":"track-ai3-1772550035519","user_id":"8f797070-3354-42c9-837a-47516a5d8ecc"},"level":"info","message":"Inbound Request","method":"POST","path":"/api/detections/ingest","service":"eye-identify-backend","timestamp":"2026-03-03T15:00:35.521Z"}
{"body":{"bbox":{"h":4,"w":3,"x":1,"y":2},"camera_id":"1","clothing_score":0.9,"detection_timestamp":"2026-03-03T16:00:35.519Z","face_score":0.95,"message":"AI summary test","missing_person_id":6,"track_id":"track-ai3-1772550035519","user_id":"8f797070-3354-42c9-837a-47516a5d8ecc"},"level":"info","message":"Inbound Request","method":"POST","path":"/api/detections/ingest","service":"eye-identify-backend","timestamp":"2026-03-03T15:00:40.131Z"}
{"body":{"bbox":{"h":4,"w":3,"x":1,"y":2},"camera_id":"1","clothing_score":0.9,"detection_timestamp":"2026-03-03T16:00:35.519Z","face_score":0.95,"message":"AI summary test","missing_person_id":6,"track_id":"track-ai3-1772550035519","user_id":"8f797070-3354-42c9-837a-47516a5d8ecc"},"level":"info","message":"Inbound Request","method":"POST","path":"/api/detections/ingest","service":"eye-identify-backend","timestamp":"2026-03-03T15:00:44.844Z"}
{"body":"{\n  \"error\": {\n    \"code\": 429,\n    \"message\": \"You exceeded your current quota, please check your plan and billing details. For more information on this error, head to: https://ai.google.dev/gemini-api/docs/rate-limits. To monitor your current usage, head to: https://ai.dev/rate-limit. \\n* Quota exceeded for metric: generativelanguage.googleapis.com/generate_content_free_tier_requests, limit: 0, model: gemini-2.0-flash\\n* Quota exceeded for metric: generativelanguage.googleapis.com/generate_content_free_tier_requests, limit: 0, model: gemini-2.0-flash\\n* Quota exceeded for metric: generativelanguage.googleapis.com/generate_content_free_tier_input_token_count, limit: 0, model: gemini-2.0-flash\\nPlease retry in 8.402795575s.\",\n    \"status\": \"RESOURCE_EXHAUSTED\",\n    \"details\": [\n      {\n        \"@type\": \"type.googleapis.com/google.rpc.Help\",\n        \"links\": [\n          {\n            \"description\": \"Learn more about Gemini API quotas\",\n            \"url\": \"https://ai.google.dev/gemini-api/docs/rate-limits\"\n          }\n        ]\n      },\n      {\n        \"@type\": \"type.googleapis.com/google.rpc.QuotaFailure\",\n        \"violations\": [\n          {\n            \"quotaMetric\": \"generativelanguage.googleapis.com/generate_content_free_tier_requests\",\n            \"quotaId\": \"GenerateRequestsPerDayPerProjectPerModel-FreeTier\",\n            \"quotaDimensions\": {\n              \"model\": \"gemini-2.0-flash\",\n              \"location\": \"global\"\n            }\n          },\n          {\n            \"quotaMetric\": \"generativelanguage.googleapis.com/generate_content_free_tier_requests\",\n            \"quotaId\": \"GenerateRequestsPerMinutePerProjectPerModel-FreeTier\",\n            \"quotaDimensions\": {\n              \"model\": \"gemini-2.0-flash\",\n              \"location\": \"global\"\n            }\n          },\n          {\n            \"quotaMetric\": \"generativelanguage.googleapis.com/generate_content_free_tier_input_token_count\",\n            \"quotaId\": \"GenerateContentInputTokensPerModelPerMinute-FreeTier\",\n            \"quotaDimensions\": {\n              \"location\": \"global\",\n              \"model\": \"gemini-2.0-flash\"\n            }\n          }\n        ]\n      },\n      {\n        \"@type\": \"type.googleapis.com/google.rpc.RetryInfo\",\n        \"retryDelay\": \"8s\"\n      }\n    ]\n  }\n}\n","level":"error","message":"Gemini summary failed","service":"eye-identify-backend","status":429,"timestamp":"2026-03-03T15:00:50.468Z"}
{"body":{"age":31,"clothing_description":"gray hoodie","distinguishing_features":"scar on chin","gender":"male","last_seen_date":"2026-03-02","last_seen_location":"Islamabad","name":"Missing C"},"level":"info","message":"Inbound Request","method":"POST","path":"/api/missing-persons/generate-description","service":"eye-identify-backend","timestamp":"2026-03-03T15:00:55.111Z"}
{"error":"Gemini API failed: 429 {\n  \"error\": {\n    \"code\": 429,\n    \"message\": \"You exceeded your current quota, please check your plan and billing details. For more information on this error, head to: https://ai.google.dev/gemini-api/docs/rate-limits. To monitor your current usage, head to: https://ai.dev/rate-limit. \\n* Quota exceeded for metric: generativelanguage.googleapis.com/generate_content_free_tier_requests, limit: 0, model: gemini-2.0-flash\\n* Quota exceeded for metric: generativelanguage.googleapis.com/generate_content_free_tier_requests, limit: 0, model: gemini-2.0-flash\\n* Quota exceeded for metric: generativelanguage.googleapis.com/generate_content_free_tier_input_token_count, limit: 0, model: gemini-2.0-flash\\nPlease retry in 2.764181983s.\",\n    \"status\": \"RESOURCE_EXHAUSTED\",\n    \"details\": [\n      {\n        \"@type\": \"type.googleapis.com/google.rpc.Help\",\n        \"links\": [\n          {\n            \"description\": \"Learn more about Gemini API quotas\",\n            \"url\": \"https://ai.google.dev/gemini-api/docs/rate-limits\"\n          }\n        ]\n      },\n      {\n        \"@type\": \"type.googleapis.com/google.rpc.QuotaFailure\",\n        \"violations\": [\n          {\n            \"quotaMetric\": \"generativelanguage.googleapis.com/generate_content_free_tier_requests\",\n            \"quotaId\": \"GenerateRequestsPerDayPerProjectPerModel-FreeTier\",\n            \"quotaDimensions\": {\n              \"model\": \"gemini-2.0-flash\",\n              \"location\": \"global\"\n            }\n          },\n          {\n            \"quotaMetric\": \"generativelanguage.googleapis.com/generate_content_free_tier_requests\",\n            \"quotaId\": \"GenerateRequestsPerMinutePerProjectPerModel-FreeTier\",\n            \"quotaDimensions\": {\n              \"model\": \"gemini-2.0-flash\",\n              \"location\": \"global\"\n            }\n          },\n          {\n            \"quotaMetric\": \"generativelanguage.googleapis.com/generate_content_free_tier_input_token_count\",\n            \"quotaId\": \"GenerateContentInputTokensPerModelPerMinute-FreeTier\",\n            \"quotaDimensions\": {\n              \"location\": \"global\",\n              \"model\": \"gemini-2.0-flash\"\n            }\n          }\n        ]\n      },\n      {\n        \"@type\": \"type.googleapis.com/google.rpc.RetryInfo\",\n        \"retryDelay\": \"2s\"\n      }\n    ]\n  }\n}\n","level":"error","message":"Generate description failed","service":"eye-identify-backend","timestamp":"2026-03-03T15:00:56.036Z"}
{"level":"info","message":"Server running in undefined mode on port 5001","service":"eye-identify-backend","timestamp":"2026-03-03T15:01:16.139Z"}
{"level":"info","message":"Alert expiry worker started (30000ms)","service":"eye-identify-backend","timestamp":"2026-03-03T15:01:16.143Z"}
{"level":"info","message":"Supabase alerts realtime status","service":"eye-identify-backend","status":"SUBSCRIBED","timestamp":"2026-03-03T15:01:16.860Z"}
{"body":{"email":"ai4_1772550077332@example.com","full_name":"AI User","role":"user"},"level":"info","message":"Inbound Request","method":"POST","path":"/api/auth/register","service":"eye-identify-backend","timestamp":"2026-03-03T15:01:17.434Z"}
{"body":{"email":"ai4_1772550077332@example.com"},"level":"info","message":"Inbound Request","method":"POST","path":"/api/auth/login","service":"eye-identify-backend","timestamp":"2026-03-03T15:01:19.034Z"}
{"body":{"age":31,"full_name":"Missing D","last_seen_location":"Islamabad"},"level":"info","message":"Inbound Request","method":"POST","path":"/api/missing-persons","service":"eye-identify-backend","timestamp":"2026-03-03T15:01:19.865Z"}
{"body":{"bbox":{"h":4,"w":3,"x":1,"y":2},"camera_id":"1","clothing_score":0.9,"detection_timestamp":"2026-03-03T16:01:20.785Z","face_score":0.95,"message":"AI summary test","missing_person_id":7,"track_id":"track-ai4-1772550080785","user_id":"12855d94-494e-4753-85d0-7d6904de9bd6"},"level":"info","message":"Inbound Request","method":"POST","path":"/api/detections/ingest","service":"eye-identify-backend","timestamp":"2026-03-03T15:01:20.793Z"}
{"body":{"bbox":{"h":4,"w":3,"x":1,"y":2},"camera_id":"1","clothing_score":0.9,"detection_timestamp":"2026-03-03T16:01:20.785Z","face_score":0.95,"message":"AI summary test","missing_person_id":7,"track_id":"track-ai4-1772550080785","user_id":"12855d94-494e-4753-85d0-7d6904de9bd6"},"level":"info","message":"Inbound Request","method":"POST","path":"/api/detections/ingest","service":"eye-identify-backend","timestamp":"2026-03-03T15:01:25.170Z"}
{"body":{"bbox":{"h":4,"w":3,"x":1,"y":2},"camera_id":"1","clothing_score":0.9,"detection_timestamp":"2026-03-03T16:01:20.785Z","face_score":0.95,"message":"AI summary test","missing_person_id":7,"track_id":"track-ai4-1772550080785","user_id":"12855d94-494e-4753-85d0-7d6904de9bd6"},"level":"info","message":"Inbound Request","method":"POST","path":"/api/detections/ingest","service":"eye-identify-backend","timestamp":"2026-03-03T15:01:29.586Z"}
{"body":"{\n  \"error\": {\n    \"code\": 429,\n    \"message\": \"You exceeded your current quota, please check your plan and billing details. For more information on this error, head to: https://ai.google.dev/gemini-api/docs/rate-limits. To monitor your current usage, head to: https://ai.dev/rate-limit. \\n* Quota exceeded for metric: generativelanguage.googleapis.com/generate_content_free_tier_input_token_count, limit: 0, model: gemini-2.0-flash\\n* Quota exceeded for metric: generativelanguage.googleapis.com/generate_content_free_tier_requests, limit: 0, model: gemini-2.0-flash\\n* Quota exceeded for metric: generativelanguage.googleapis.com/generate_content_free_tier_requests, limit: 0, model: gemini-2.0-flash\\nPlease retry in 23.473889797s.\",\n    \"status\": \"RESOURCE_EXHAUSTED\",\n    \"details\": [\n      {\n        \"@type\": \"type.googleapis.com/google.rpc.Help\",\n        \"links\": [\n          {\n            \"description\": \"Learn more about Gemini API quotas\",\n            \"url\": \"https://ai.google.dev/gemini-api/docs/rate-limits\"\n          }\n        ]\n      },\n      {\n        \"@type\": \"type.googleapis.com/google.rpc.QuotaFailure\",\n        \"violations\": [\n          {\n            \"quotaMetric\": \"generativelanguage.googleapis.com/generate_content_free_tier_input_token_count\",\n            \"quotaId\": \"GenerateContentInputTokensPerModelPerMinute-FreeTier\",\n            \"quotaDimensions\": {\n              \"location\": \"global\",\n              \"model\": \"gemini-2.0-flash\"\n            }\n          },\n          {\n            \"quotaMetric\": \"generativelanguage.googleapis.com/generate_content_free_tier_requests\",\n            \"quotaId\": \"GenerateRequestsPerMinutePerProjectPerModel-FreeTier\",\n            \"quotaDimensions\": {\n              \"location\": \"global\",\n              \"model\": \"gemini-2.0-flash\"\n            }\n          },\n          {\n            \"quotaMetric\": \"generativelanguage.googleapis.com/generate_content_free_tier_requests\",\n            \"quotaId\": \"GenerateRequestsPerDayPerProjectPerModel-FreeTier\",\n            \"quotaDimensions\": {\n              \"model\": \"gemini-2.0-flash\",\n              \"location\": \"global\"\n            }\n          }\n        ]\n      },\n      {\n        \"@type\": \"type.googleapis.com/google.rpc.RetryInfo\",\n        \"retryDelay\": \"23s\"\n      }\n    ]\n  }\n}\n","level":"error","message":"Gemini summary failed","service":"eye-identify-backend","status":429,"timestamp":"2026-03-03T15:01:35.419Z"}
{"body":{"age":31,"clothing_description":"gray hoodie","distinguishing_features":"scar on chin","gender":"male","last_seen_date":"2026-03-02","last_seen_location":"Islamabad","name":"Missing D"},"level":"info","message":"Inbound Request","method":"POST","path":"/api/missing-persons/generate-description","service":"eye-identify-backend","timestamp":"2026-03-03T15:01:37.375Z"}
{"error":"Gemini API failed: 429 {\n  \"error\": {\n    \"code\": 429,\n    \"message\": \"You exceeded your current quota, please check your plan and billing details. For more information on this error, head to: https://ai.google.dev/gemini-api/docs/rate-limits. To monitor your current usage, head to: https://ai.dev/rate-limit. \\n* Quota exceeded for metric: generativelanguage.googleapis.com/generate_content_free_tier_requests, limit: 0, model: gemini-2.0-flash\\n* Quota exceeded for metric: generativelanguage.googleapis.com/generate_content_free_tier_requests, limit: 0, model: gemini-2.0-flash\\n* Quota exceeded for metric: generativelanguage.googleapis.com/generate_content_free_tier_input_token_count, limit: 0, model: gemini-2.0-flash\\nPlease retry in 20.88653686s.\",\n    \"status\": \"RESOURCE_EXHAUSTED\",\n    \"details\": [\n      {\n        \"@type\": \"type.googleapis.com/google.rpc.Help\",\n        \"links\": [\n          {\n            \"description\": \"Learn more about Gemini API quotas\",\n            \"url\": \"https://ai.google.dev/gemini-api/docs/rate-limits\"\n          }\n        ]\n      },\n      {\n        \"@type\": \"type.googleapis.com/google.rpc.QuotaFailure\",\n        \"violations\": [\n          {\n            \"quotaMetric\": \"generativelanguage.googleapis.com/generate_content_free_tier_requests\",\n            \"quotaId\": \"GenerateRequestsPerDayPerProjectPerModel-FreeTier\",\n            \"quotaDimensions\": {\n              \"location\": \"global\",\n              \"model\": \"gemini-2.0-flash\"\n            }\n          },\n          {\n            \"quotaMetric\": \"generativelanguage.googleapis.com/generate_content_free_tier_requests\",\n            \"quotaId\": \"GenerateRequestsPerMinutePerProjectPerModel-FreeTier\",\n            \"quotaDimensions\": {\n              \"location\": \"global\",\n              \"model\": \"gemini-2.0-flash\"\n            }\n          },\n          {\n            \"quotaMetric\": \"generativelanguage.googleapis.com/generate_content_free_tier_input_token_count\",\n            \"quotaId\": \"GenerateContentInputTokensPerModelPerMinute-FreeTier\",\n            \"quotaDimensions\": {\n              \"location\": \"global\",\n              \"model\": \"gemini-2.0-flash\"\n            }\n          }\n        ]\n      },\n      {\n        \"@type\": \"type.googleapis.com/google.rpc.RetryInfo\",\n        \"retryDelay\": \"20s\"\n      }\n    ]\n  }\n}\n","level":"error","message":"Generate description failed","service":"eye-identify-backend","timestamp":"2026-03-03T15:01:37.978Z"}
{"level":"info","message":"Server running in undefined mode on port 5001","service":"eye-identify-backend","timestamp":"2026-03-03T15:33:38.244Z"}
{"level":"info","message":"Alert expiry worker started (30000ms)","service":"eye-identify-backend","timestamp":"2026-03-03T15:33:38.287Z"}
{"level":"info","message":"Supabase alerts realtime status","service":"eye-identify-backend","status":"SUBSCRIBED","timestamp":"2026-03-03T15:33:40.319Z"}
{"body":null,"level":"info","message":"Inbound Request","method":"POST","path":"/api/notifications/device-token","service":"eye-identify-backend","timestamp":"2026-03-03T15:51:14.262Z"}
{"body":null,"level":"info","message":"Inbound Request","method":"GET","path":"/api/auth/me","service":"eye-identify-backend","timestamp":"2026-03-03T15:51:21.129Z"}
{"body":null,"level":"info","message":"Inbound Request","method":"GET","path":"/api/auth/me","service":"eye-identify-backend","timestamp":"2026-03-03T15:51:21.142Z"}
{"level":"info","message":"WebSocket client connected","service":"eye-identify-backend","timestamp":"2026-03-03T15:51:23.283Z"}
{"level":"info","message":"WebSocket client connected","service":"eye-identify-backend","timestamp":"2026-03-03T15:51:23.286Z"}
{"body":null,"level":"info","message":"Inbound Request","method":"GET","path":"/api/alerts/snapshot","service":"eye-identify-backend","timestamp":"2026-03-03T15:51:24.416Z"}
{"body":null,"level":"info","message":"Inbound Request","method":"GET","path":"/api/alerts/my","service":"eye-identify-backend","timestamp":"2026-03-03T15:51:24.425Z"}
{"body":null,"level":"info","message":"Inbound Request","method":"GET","path":"/api/missing-persons/my","service":"eye-identify-backend","timestamp":"2026-03-03T15:51:24.538Z"}
{"body":null,"level":"info","message":"Inbound Request","method":"GET","path":"/api/missing-persons","service":"eye-identify-backend","timestamp":"2026-03-03T15:51:24.546Z"}
{"body":null,"level":"info","message":"Inbound Request","method":"GET","path":"/api/cameras","service":"eye-identify-backend","timestamp":"2026-03-03T15:51:24.552Z"}
{"body":null,"level":"info","message":"Inbound Request","method":"GET","path":"/api/alerts/snapshot","service":"eye-identify-backend","timestamp":"2026-03-03T15:51:29.980Z"}
{"body":null,"level":"info","message":"Inbound Request","method":"GET","path":"/api/alerts/my","service":"eye-identify-backend","timestamp":"2026-03-03T15:51:37.128Z"}
{"body":null,"level":"info","message":"Inbound Request","method":"GET","path":"/api/alerts/snapshot","service":"eye-identify-backend","timestamp":"2026-03-03T15:51:40.604Z"}
{"body":null,"level":"info","message":"Inbound Request","method":"GET","path":"/api/cameras","service":"eye-identify-backend","timestamp":"2026-03-03T15:51:50.265Z"}
{"body":null,"level":"info","message":"Inbound Request","method":"GET","path":"/api/alerts/snapshot","service":"eye-identify-backend","timestamp":"2026-03-03T15:51:50.282Z"}
{"level":"info","message":"WebSocket client disconnected","service":"eye-identify-backend","timestamp":"2026-03-03T15:51:52.011Z"}
{"level":"info","message":"WebSocket client disconnected","service":"eye-identify-backend","timestamp":"2026-03-03T15:51:52.017Z"}
{"body":null,"level":"info","message":"Inbound Request","method":"POST","path":"/api/notifications/device-token","service":"eye-identify-backend","timestamp":"2026-03-03T15:54:28.563Z"}
{"body":{"email":"abc@gmail.com"},"level":"info","message":"Inbound Request","method":"POST","path":"/api/auth/login","service":"eye-identify-backend","timestamp":"2026-03-03T15:55:08.549Z"}
{"body":{"email":"tayyabashahidheera03@gmail.com","full_name":"tayyaba","phone_number":"03210020020","role":"citizen"},"level":"info","message":"Inbound Request","method":"POST","path":"/api/auth/register","service":"eye-identify-backend","timestamp":"2026-03-03T15:55:56.570Z"}
{"body":{"email":"abc@gmail.com"},"level":"info","message":"Inbound Request","method":"POST","path":"/api/auth/login","service":"eye-identify-backend","timestamp":"2026-03-03T15:56:43.406Z"}
{"body":null,"level":"info","message":"Inbound Request","method":"GET","path":"/health","service":"eye-identify-backend","timestamp":"2026-03-03T15:56:44.049Z"}
{"body":{"email":"diag_1772553404074@example.com","full_name":"Diag User","role":"user"},"level":"info","message":"Inbound Request","method":"POST","path":"/api/auth/register","service":"eye-identify-backend","timestamp":"2026-03-03T15:56:44.090Z"}
{"body":{"email":"diag_1772553404074@example.com"},"level":"info","message":"Inbound Request","method":"POST","path":"/api/auth/login","service":"eye-identify-backend","timestamp":"2026-03-03T15:56:45.760Z"}
{"body":{"email":"abc@gmail.com"},"level":"info","message":"Inbound Request","method":"POST","path":"/api/auth/login","service":"eye-identify-backend","timestamp":"2026-03-03T15:58:23.795Z"}
{"body":{"email":"abc@gmail.com"},"level":"info","message":"Inbound Request","method":"POST","path":"/api/auth/login","service":"eye-identify-backend","timestamp":"2026-03-03T16:04:17.644Z"}
{"level":"info","message":"Supabase alerts realtime status","service":"eye-identify-backend","status":"CHANNEL_ERROR","timestamp":"2026-03-03T16:28:27.207Z"}
{"level":"info","message":"Supabase alerts realtime status","service":"eye-identify-backend","status":"SUBSCRIBED","timestamp":"2026-03-03T16:28:30.440Z"}
{"level":"info","message":"Supabase alerts realtime status","service":"eye-identify-backend","status":"CHANNEL_ERROR","timestamp":"2026-03-03T16:45:39.191Z"}
{"level":"info","message":"Supabase alerts realtime status","service":"eye-identify-backend","status":"SUBSCRIBED","timestamp":"2026-03-03T16:45:42.356Z"}
{"level":"info","message":"Supabase alerts realtime status","service":"eye-identify-backend","status":"CHANNEL_ERROR","timestamp":"2026-03-03T17:00:19.264Z"}
{"level":"info","message":"Supabase alerts realtime status","service":"eye-identify-backend","status":"SUBSCRIBED","timestamp":"2026-03-03T17:00:22.428Z"}
{"level":"info","message":"Server running in undefined mode on port 5001","service":"eye-identify-backend","timestamp":"2026-04-06T11:51:40.786Z"}
{"level":"info","message":"Alert expiry worker started (30000ms)","service":"eye-identify-backend","timestamp":"2026-04-06T11:51:40.794Z"}
{"level":"info","message":"Supabase alerts realtime status","service":"eye-identify-backend","status":"TIMED_OUT","timestamp":"2026-04-06T11:51:50.795Z"}
{"level":"info","message":"Supabase alerts realtime status","service":"eye-identify-backend","status":"CLOSED","timestamp":"2026-04-06T11:51:53.810Z"}
{"level":"info","message":"Supabase alerts realtime status","service":"eye-identify-backend","status":"TIMED_OUT","timestamp":"2026-04-06T11:52:03.817Z"}
{"error":"<!DOCTYPE html>\n<!--[if lt IE 7]> <html class=\"no-js ie6 oldie\" lang=\"en-US\"> <![endif]-->\n<!--[if IE 7]>    <html class=\"no-js ie7 oldie\" lang=\"en-US\"> <![endif]-->\n<!--[if IE 8]>    <html class=\"no-js ie8 oldie\" lang=\"en-US\"> <![endif]-->\n<!--[if gt IE 8]><!--> <html class=\"no-js\" lang=\"en-US\"> <!--<![endif]-->\n<head>\n\n\n<title>jpchmjjmcqhiidvpseck.supabase.co | 521: Web server is down</title>\n<meta charset=\"UTF-8\" />\n<meta http-equiv=\"Content-Type\" content=\"text/html; charset=UTF-8\" />\n<meta http-equiv=\"X-UA-Compatible\" content=\"IE=Edge\" />\n<meta name=\"robots\" content=\"noindex, nofollow\" />\n<meta name=\"viewport\" content=\"width=device-width,initial-scale=1\" />\n<link rel=\"stylesheet\" id=\"cf_styles-css\" href=\"/cdn-cgi/styles/main.css\" />\n\n\n</head>\n<body>\n<div id=\"cf-wrapper\">\n    <div id=\"cf-error-details\" class=\"p-0\">\n        <header class=\"mx-auto pt-10 lg:pt-6 lg:px-8 w-240 lg:w-full mb-8\">\n            <h1 class=\"inline-block sm:block sm:mb-2 font-light text-60 lg:text-4xl text-black-dark leading-tight mr-2\">\n              <span class=\"inline-block\">Web server is down</span>\n              <span class=\"code-label\">Error code 521</span>\n            </h1>\n            <div>\n               Visit <a href=\"https://www.cloudflare.com/5xx-error-landing?utm_source=errorcode_521&utm_campaign=jpchmjjmcqhiidvpseck.supabase.co\" target=\"_blank\" rel=\"noopener noreferrer\">cloudflare.com</a> for more information.\n            </div>\n            <div class=\"mt-3\">2026-04-06 11:52:14 UTC</div>\n        </header>\n        <div class=\"my-8 bg-gradient-gray\">\n            <div class=\"w-240 lg:w-full mx-auto\">\n                <div class=\"clearfix md:px-8\">\n                  \n<div id=\"cf-browser-status\" class=\" relative w-1/3 md:w-full py-15 md:p-0 md:py-8 md:text-left md:border-solid md:border-0 md:border-b md:border-gray-400 overflow-hidden float-left md:float-none text-center\">\n  <div class=\"relative mb-10 md:m-0\">\n    \n    <span class=\"cf-icon-browser block md:hidden h-20 bg-center bg-no-repeat\"></span>\n    <span class=\"cf-icon-ok w-12 h-12 absolute left-1/2 md:left-auto md:right-0 md:top-0 -ml-6 -bottom-4\"></span>\n    \n  </div>\n  <span class=\"md:block w-full truncate\">You</span>\n  <h3 class=\"md:inline-block mt-3 md:mt-0 text-2xl text-gray-600 font-light leading-1.3\">\n    \n    Browser\n    \n  </h3>\n  <span class=\"leading-1.3 text-2xl text-green-success\">Working</span>\n</div>\n\n<div id=\"cf-cloudflare-status\" class=\" relative w-1/3 md:w-full py-15 md:p-0 md:py-8 md:text-left md:border-solid md:border-0 md:border-b md:border-gray-400 overflow-hidden float-left md:float-none text-center\">\n  <div class=\"relative mb-10 md:m-0\">\n    <a href=\"https://www.cloudflare.com/5xx-error-landing?utm_source=errorcode_521&utm_campaign=jpchmjjmcqhiidvpseck.supabase.co\" target=\"_blank\" rel=\"noopener noreferrer\">\n    <span class=\"cf-icon-cloud block md:hidden h-20 bg-center bg-no-repeat\"></span>\n    <span class=\"cf-icon-ok w-12 h-12 absolute left-1/2 md:left-auto md:right-0 md:top-0 -ml-6 -bottom-4\"></span>\n    </a>\n  </div>\n  <span class=\"md:block w-full truncate\">Karachi</span>\n  <h3 class=\"md:inline-block mt-3 md:mt-0 text-2xl text-gray-600 font-light leading-1.3\">\n    <a href=\"https://www.cloudflare.com/5xx-error-landing?utm_source=errorcode_521&utm_campaign=jpchmjjmcqhiidvpseck.supabase.co\" target=\"_blank\" rel=\"noopener noreferrer\">\n    Cloudflare\n    </a>\n  </h3>\n  <span class=\"leading-1.3 text-2xl text-green-success\">Working</span>\n</div>\n\n<div id=\"cf-host-status\" class=\"cf-error-source relative w-1/3 md:w-full py-15 md:p-0 md:py-8 md:text-left md:border-solid md:border-0 md:border-b md:border-gray-400 overflow-hidden float-left md:float-none text-center\">\n  <div class=\"relative mb-10 md:m-0\">\n    \n    <span class=\"cf-icon-server block md:hidden h-20 bg-center bg-no-repeat\"></span>\n    <span class=\"cf-icon-error w-12 h-12 absolute left-1/2 md:left-auto md:right-0 md:top-0 -ml-6 -bottom-4\"></span>\n    \n  </div>\n  <span class=\"md:block w-full truncate\">jpchmjjmcqhiidvpseck.supabase.co</span>\n  <h3 class=\"md:inline-block mt-3 md:mt-0 text-2xl text-gray-600 font-light leading-1.3\">\n    \n    Host\n    \n  </h3>\n  <span class=\"leading-1.3 text-2xl text-red-error\">Error</span>\n</div>\n\n                </div>\n            </div>\n        </div>\n\n        <div class=\"w-240 lg:w-full mx-auto mb-8 lg:px-8\">\n            <div class=\"clearfix\">\n                <div class=\"w-1/2 md:w-full float-left pr-6 md:pb-10 md:pr-0 leading-relaxed\">\n                    <h2 class=\"text-3xl font-normal leading-1.3 mb-4\">What happened?</h2>\n                    <p>The web server is not returning a connection. As a result, the web page is not displaying.</p>\n                </div>\n                <div class=\"w-1/2 md:w-full float-left leading-relaxed\">\n                    <h2 class=\"text-3xl font-normal leading-1.3 mb-4\">What can I do?</h2>\n                          <h3 class=\"text-15 font-semibold mb-2\">If you are a visitor of this website:</h3>\n      <p class=\"mb-6\">Please try again in a few minutes.</p>\n\n      <h3 class=\"text-15 font-semibold mb-2\">If you are the owner of this website:</h3>\n      <p><span>Contact your hosting provider letting them know your web server is not responding.</span> <a rel=\"noopener noreferrer\" href=\"https://developers.cloudflare.com/support/troubleshooting/http-status-codes/cloudflare-5xx-errors/error-521/\">Additional troubleshooting information</a>.</p>\n                </div>\n            </div>\n        </div>\n\n        <div class=\"cf-error-footer cf-wrapper w-240 lg:w-full py-10 sm:py-4 sm:px-8 mx-auto text-center sm:text-left border-solid border-0 border-t border-gray-300\">\n  <p class=\"text-13\">\n    <span class=\"cf-footer-item sm:block sm:mb-1\">Cloudflare Ray ID: <strong class=\"font-semibold\">9e8095d175f3167a</strong></span>\n    <span class=\"cf-footer-separator sm:hidden\">&bull;</span>\n    <span id=\"cf-footer-item-ip\" class=\"cf-footer-item hidden sm:block sm:mb-1\">\n      Your IP:\n      <button type=\"button\" id=\"cf-footer-ip-reveal\" class=\"cf-footer-ip-reveal-btn\">Click to reveal</button>\n      <span class=\"hidden\" id=\"cf-footer-ip\">39.59.96.74</span>\n      <span class=\"cf-footer-separator sm:hidden\">&bull;</span>\n    </span>\n    <span class=\"cf-footer-item sm:block sm:mb-1\"><span>Performance &amp; security by</span> <a rel=\"noopener noreferrer\" href=\"https://www.cloudflare.com/5xx-error-landing?utm_source=errorcode_521&utm_campaign=jpchmjjmcqhiidvpseck.supabase.co\" id=\"brand_link\" target=\"_blank\">Cloudflare</a></span>\n    \n  </p>\n  <script>(function(){function d(){var b=a.getElementById(\"cf-footer-item-ip\"),c=a.getElementById(\"cf-footer-ip-reveal\");b&&\"classList\"in b&&(b.classList.remove(\"hidden\"),c.addEventListener(\"click\",function(){c.classList.add(\"hidden\");a.getElementById(\"cf-footer-ip\").classList.remove(\"hidden\")}))}var a=document;document.addEventListener&&a.addEventListener(\"DOMContentLoaded\",d)})();</script>\n</div><!-- /.error-footer -->\n\n\n    </div>\n</div>\n</body>\n</html>\n","level":"error","message":"Alert expiry sweep failed","service":"eye-identify-backend","timestamp":"2026-04-06T11:52:11.258Z"}
{"error":"<!DOCTYPE html>\n<!--[if lt IE 7]> <html class=\"no-js ie6 oldie\" lang=\"en-US\"> <![endif]-->\n<!--[if IE 7]>    <html class=\"no-js ie7 oldie\" lang=\"en-US\"> <![endif]-->\n<!--[if IE 8]>    <html class=\"no-js ie8 oldie\" lang=\"en-US\"> <![endif]-->\n<!--[if gt IE 8]><!--> <html class=\"no-js\" lang=\"en-US\"> <!--<![endif]-->\n<head>\n\n\n<title>jpchmjjmcqhiidvpseck.supabase.co | 521: Web server is down</title>\n<meta charset=\"UTF-8\" />\n<meta http-equiv=\"Content-Type\" content=\"text/html; charset=UTF-8\" />\n<meta http-equiv=\"X-UA-Compatible\" content=\"IE=Edge\" />\n<meta name=\"robots\" content=\"noindex, nofollow\" />\n<meta name=\"viewport\" content=\"width=device-width,initial-scale=1\" />\n<link rel=\"stylesheet\" id=\"cf_styles-css\" href=\"/cdn-cgi/styles/main.css\" />\n\n\n</head>\n<body>\n<div id=\"cf-wrapper\">\n    <div id=\"cf-error-details\" class=\"p-0\">\n        <header class=\"mx-auto pt-10 lg:pt-6 lg:px-8 w-240 lg:w-full mb-8\">\n            <h1 class=\"inline-block sm:block sm:mb-2 font-light text-60 lg:text-4xl text-black-dark leading-tight mr-2\">\n              <span class=\"inline-block\">Web server is down</span>\n              <span class=\"code-label\">Error code 521</span>\n            </h1>\n            <div>\n               Visit <a href=\"https://www.cloudflare.com/5xx-error-landing?utm_source=errorcode_521&utm_campaign=jpchmjjmcqhiidvpseck.supabase.co\" target=\"_blank\" rel=\"noopener noreferrer\">cloudflare.com</a> for more information.\n            </div>\n            <div class=\"mt-3\">2026-04-06 11:52:44 UTC</div>\n        </header>\n        <div class=\"my-8 bg-gradient-gray\">\n            <div class=\"w-240 lg:w-full mx-auto\">\n                <div class=\"clearfix md:px-8\">\n                  \n<div id=\"cf-browser-status\" class=\" relative w-1/3 md:w-full py-15 md:p-0 md:py-8 md:text-left md:border-solid md:border-0 md:border-b md:border-gray-400 overflow-hidden float-left md:float-none text-center\">\n  <div class=\"relative mb-10 md:m-0\">\n    \n    <span class=\"cf-icon-browser block md:hidden h-20 bg-center bg-no-repeat\"></span>\n    <span class=\"cf-icon-ok w-12 h-12 absolute left-1/2 md:left-auto md:right-0 md:top-0 -ml-6 -bottom-4\"></span>\n    \n  </div>\n  <span class=\"md:block w-full truncate\">You</span>\n  <h3 class=\"md:inline-block mt-3 md:mt-0 text-2xl text-gray-600 font-light leading-1.3\">\n    \n    Browser\n    \n  </h3>\n  <span class=\"leading-1.3 text-2xl text-green-success\">Working</span>\n</div>\n\n<div id=\"cf-cloudflare-status\" class=\" relative w-1/3 md:w-full py-15 md:p-0 md:py-8 md:text-left md:border-solid md:border-0 md:border-b md:border-gray-400 overflow-hidden float-left md:float-none text-center\">\n  <div class=\"relative mb-10 md:m-0\">\n    <a href=\"https://www.cloudflare.com/5xx-error-landing?utm_source=errorcode_521&utm_campaign=jpchmjjmcqhiidvpseck.supabase.co\" target=\"_blank\" rel=\"noopener noreferrer\">\n    <span class=\"cf-icon-cloud block md:hidden h-20 bg-center bg-no-repeat\"></span>\n    <span class=\"cf-icon-ok w-12 h-12 absolute left-1/2 md:left-auto md:right-0 md:top-0 -ml-6 -bottom-4\"></span>\n    </a>\n  </div>\n  <span class=\"md:block w-full truncate\">Karachi</span>\n  <h3 class=\"md:inline-block mt-3 md:mt-0 text-2xl text-gray-600 font-light leading-1.3\">\n    <a href=\"https://www.cloudflare.com/5xx-error-landing?utm_source=errorcode_521&utm_campaign=jpchmjjmcqhiidvpseck.supabase.co\" target=\"_blank\" rel=\"noopener noreferrer\">\n    Cloudflare\n    </a>\n  </h3>\n  <span class=\"leading-1.3 text-2xl text-green-success\">Working</span>\n</div>\n\n<div id=\"cf-host-status\" class=\"cf-error-source relative w-1/3 md:w-full py-15 md:p-0 md:py-8 md:text-left md:border-solid md:border-0 md:border-b md:border-gray-400 overflow-hidden float-left md:float-none text-center\">\n  <div class=\"relative mb-10 md:m-0\">\n    \n    <span class=\"cf-icon-server block md:hidden h-20 bg-center bg-no-repeat\"></span>\n    <span class=\"cf-icon-error w-12 h-12 absolute left-1/2 md:left-auto md:right-0 md:top-0 -ml-6 -bottom-4\"></span>\n    \n  </div>\n  <span class=\"md:block w-full truncate\">jpchmjjmcqhiidvpseck.supabase.co</span>\n  <h3 class=\"md:inline-block mt-3 md:mt-0 text-2xl text-gray-600 font-light leading-1.3\">\n    \n    Host\n    \n  </h3>\n  <span class=\"leading-1.3 text-2xl text-red-error\">Error</span>\n</div>\n\n                </div>\n            </div>\n        </div>\n\n        <div class=\"w-240 lg:w-full mx-auto mb-8 lg:px-8\">\n            <div class=\"clearfix\">\n                <div class=\"w-1/2 md:w-full float-left pr-6 md:pb-10 md:pr-0 leading-relaxed\">\n                    <h2 class=\"text-3xl font-normal leading-1.3 mb-4\">What happened?</h2>\n                    <p>The web server is not returning a connection. As a result, the web page is not displaying.</p>\n                </div>\n                <div class=\"w-1/2 md:w-full float-left leading-relaxed\">\n                    <h2 class=\"text-3xl font-normal leading-1.3 mb-4\">What can I do?</h2>\n                          <h3 class=\"text-15 font-semibold mb-2\">If you are a visitor of this website:</h3>\n      <p class=\"mb-6\">Please try again in a few minutes.</p>\n\n      <h3 class=\"text-15 font-semibold mb-2\">If you are the owner of this website:</h3>\n      <p><span>Contact your hosting provider letting them know your web server is not responding.</span> <a rel=\"noopener noreferrer\" href=\"https://developers.cloudflare.com/support/troubleshooting/http-status-codes/cloudflare-5xx-errors/error-521/\">Additional troubleshooting information</a>.</p>\n                </div>\n            </div>\n        </div>\n\n        <div class=\"cf-error-footer cf-wrapper w-240 lg:w-full py-10 sm:py-4 sm:px-8 mx-auto text-center sm:text-left border-solid border-0 border-t border-gray-300\">\n  <p class=\"text-13\">\n    <span class=\"cf-footer-item sm:block sm:mb-1\">Cloudflare Ray ID: <strong class=\"font-semibold\">9e80968c74f2c225</strong></span>\n    <span class=\"cf-footer-separator sm:hidden\">&bull;</span>\n    <span id=\"cf-footer-item-ip\" class=\"cf-footer-item hidden sm:block sm:mb-1\">\n      Your IP:\n      <button type=\"button\" id=\"cf-footer-ip-reveal\" class=\"cf-footer-ip-reveal-btn\">Click to reveal</button>\n      <span class=\"hidden\" id=\"cf-footer-ip\">39.59.96.74</span>\n      <span class=\"cf-footer-separator sm:hidden\">&bull;</span>\n    </span>\n    <span class=\"cf-footer-item sm:block sm:mb-1\"><span>Performance &amp; security by</span> <a rel=\"noopener noreferrer\" href=\"https://www.cloudflare.com/5xx-error-landing?utm_source=errorcode_521&utm_campaign=jpchmjjmcqhiidvpseck.supabase.co\" id=\"brand_link\" target=\"_blank\">Cloudflare</a></span>\n    \n  </p>\n  <script>(function(){function d(){var b=a.getElementById(\"cf-footer-item-ip\"),c=a.getElementById(\"cf-footer-ip-reveal\");b&&\"classList\"in b&&(b.classList.remove(\"hidden\"),c.addEventListener(\"click\",function(){c.classList.add(\"hidden\");a.getElementById(\"cf-footer-ip\").classList.remove(\"hidden\")}))}var a=document;document.addEventListener&&a.addEventListener(\"DOMContentLoaded\",d)})();</script>\n</div><!-- /.error-footer -->\n\n\n    </div>\n</div>\n</body>\n</html>\n","level":"error","message":"Alert expiry sweep failed","service":"eye-identify-backend","timestamp":"2026-04-06T11:52:41.222Z"}
{"error":"Could not find the table 'public.alerts' in the schema cache","level":"error","message":"Alert expiry sweep failed","service":"eye-identify-backend","timestamp":"2026-04-06T11:53:11.799Z"}
{"error":"Could not find the table 'public.alerts' in the schema cache","level":"error","message":"Alert expiry sweep failed","service":"eye-identify-backend","timestamp":"2026-04-06T11:53:41.329Z"}
{"body":null,"level":"info","message":"Inbound Request","method":"POST","path":"/api/notifications/device-token","service":"eye-identify-backend","timestamp":"2026-04-06T11:59:07.412Z"}
{"body":null,"level":"info","message":"Inbound Request","method":"GET","path":"/api/auth/me","service":"eye-identify-backend","timestamp":"2026-04-06T11:59:18.660Z"}
{"body":null,"level":"info","message":"Inbound Request","method":"GET","path":"/api/auth/me","service":"eye-identify-backend","timestamp":"2026-04-06T11:59:18.674Z"}
{"level":"info","message":"WebSocket client connected","service":"eye-identify-backend","timestamp":"2026-04-06T11:59:21.206Z"}
{"level":"info","message":"WebSocket client connected","service":"eye-identify-backend","timestamp":"2026-04-06T11:59:21.208Z"}
{"body":null,"level":"info","message":"Inbound Request","method":"GET","path":"/api/alerts/snapshot","service":"eye-identify-backend","timestamp":"2026-04-06T11:59:21.880Z"}
{"body":null,"level":"info","message":"Inbound Request","method":"GET","path":"/api/alerts/my","service":"eye-identify-backend","timestamp":"2026-04-06T11:59:21.892Z"}
{"body":null,"level":"info","message":"Inbound Request","method":"GET","path":"/api/missing-persons/my","service":"eye-identify-backend","timestamp":"2026-04-06T11:59:22.041Z"}
{"body":null,"level":"info","message":"Inbound Request","method":"GET","path":"/api/missing-persons","service":"eye-identify-backend","timestamp":"2026-04-06T11:59:22.050Z"}
{"body":null,"level":"info","message":"Inbound Request","method":"GET","path":"/api/cameras","service":"eye-identify-backend","timestamp":"2026-04-06T11:59:22.055Z"}
{"body":null,"level":"info","message":"Inbound Request","method":"GET","path":"/api/alerts/snapshot","service":"eye-identify-backend","timestamp":"2026-04-06T11:59:27.366Z"}
{"body":null,"level":"info","message":"Inbound Request","method":"GET","path":"/api/alerts/snapshot","service":"eye-identify-backend","timestamp":"2026-04-06T11:59:37.562Z"}
{"body":{"email":"abc@gmail.com"},"level":"info","message":"Inbound Request","method":"POST","path":"/api/auth/login","service":"eye-identify-backend","timestamp":"2026-04-06T11:59:55.348Z"}
{"body":null,"level":"info","message":"Inbound Request","method":"GET","path":"/api/alerts/my","service":"eye-identify-backend","timestamp":"2026-04-06T11:59:57.253Z"}
{"body":null,"level":"info","message":"Inbound Request","method":"GET","path":"/api/missing-persons/my","service":"eye-identify-backend","timestamp":"2026-04-06T11:59:57.312Z"}
{"body":null,"level":"info","message":"Inbound Request","method":"GET","path":"/api/missing-persons","service":"eye-identify-backend","timestamp":"2026-04-06T11:59:57.320Z"}
{"body":null,"level":"info","message":"Inbound Request","method":"GET","path":"/api/cameras","service":"eye-identify-backend","timestamp":"2026-04-06T11:59:57.328Z"}
{"body":null,"level":"info","message":"Inbound Request","method":"GET","path":"/api/alerts/snapshot","service":"eye-identify-backend","timestamp":"2026-04-06T11:59:57.758Z"}
{"body":null,"level":"info","message":"Inbound Request","method":"GET","path":"/api/alerts/snapshot","service":"eye-identify-backend","timestamp":"2026-04-06T12:00:21.217Z"}
{"body":null,"level":"info","message":"Inbound Request","method":"GET","path":"/api/missing-persons/my","service":"eye-identify-backend","timestamp":"2026-04-06T12:00:27.629Z"}
{"body":null,"level":"info","message":"Inbound Request","method":"GET","path":"/api/cameras","service":"eye-identify-backend","timestamp":"2026-04-06T12:00:32.214Z"}
{"body":null,"level":"info","message":"Inbound Request","method":"GET","path":"/api/alerts/snapshot","service":"eye-identify-backend","timestamp":"2026-04-06T12:00:32.217Z"}
{"level":"info","message":"WebSocket client disconnected","service":"eye-identify-backend","timestamp":"2026-04-06T12:00:34.115Z"}
{"level":"info","message":"WebSocket client disconnected","service":"eye-identify-backend","timestamp":"2026-04-06T12:00:34.118Z"}
{"body":null,"level":"info","message":"Inbound Request","method":"POST","path":"/api/notifications/device-token","service":"eye-identify-backend","timestamp":"2026-04-06T12:02:48.917Z"}
{"body":null,"level":"info","message":"Inbound Request","method":"GET","path":"/api/auth/me","service":"eye-identify-backend","timestamp":"2026-04-06T12:02:55.035Z"}
{"body":null,"level":"info","message":"Inbound Request","method":"GET","path":"/api/auth/me","service":"eye-identify-backend","timestamp":"2026-04-06T12:02:55.135Z"}
{"level":"info","message":"WebSocket client connected","service":"eye-identify-backend","timestamp":"2026-04-06T12:02:57.972Z"}
{"level":"info","message":"WebSocket client connected","service":"eye-identify-backend","timestamp":"2026-04-06T12:02:57.975Z"}
{"body":null,"level":"info","message":"Inbound Request","method":"GET","path":"/api/alerts/snapshot","service":"eye-identify-backend","timestamp":"2026-04-06T12:02:58.756Z"}
{"body":null,"level":"info","message":"Inbound Request","method":"GET","path":"/api/alerts/my","service":"eye-identify-backend","timestamp":"2026-04-06T12:02:58.764Z"}
{"body":null,"level":"info","message":"Inbound Request","method":"GET","path":"/api/missing-persons/my","service":"eye-identify-backend","timestamp":"2026-04-06T12:02:58.814Z"}
{"body":null,"level":"info","message":"Inbound Request","method":"GET","path":"/api/missing-persons","service":"eye-identify-backend","timestamp":"2026-04-06T12:02:58.821Z"}
{"body":null,"level":"info","message":"Inbound Request","method":"GET","path":"/api/cameras","service":"eye-identify-backend","timestamp":"2026-04-06T12:02:58.828Z"}
{"body":null,"level":"info","message":"Inbound Request","method":"GET","path":"/api/cameras","service":"eye-identify-backend","timestamp":"2026-04-06T12:03:11.898Z"}
{"body":null,"level":"info","message":"Inbound Request","method":"GET","path":"/api/alerts/snapshot","service":"eye-identify-backend","timestamp":"2026-04-06T12:03:11.910Z"}
{"level":"info","message":"WebSocket client disconnected","service":"eye-identify-backend","timestamp":"2026-04-06T12:03:13.849Z"}
{"level":"info","message":"WebSocket client disconnected","service":"eye-identify-backend","timestamp":"2026-04-06T12:03:13.857Z"}
{"level":"info","message":"Server running in undefined mode on port 5001","service":"eye-identify-backend","timestamp":"2026-04-06T12:05:00.454Z"}
{"level":"info","message":"Alert expiry worker started (30000ms)","service":"eye-identify-backend","timestamp":"2026-04-06T12:05:00.465Z"}
{"level":"info","message":"Supabase alerts realtime status","service":"eye-identify-backend","status":"SUBSCRIBED","timestamp":"2026-04-06T12:05:01.302Z"}
{"level":"info","message":"Server running in undefined mode on port 5001","service":"eye-identify-backend","timestamp":"2026-04-06T12:10:51.891Z"}
{"level":"info","message":"Alert expiry worker started (30000ms)","service":"eye-identify-backend","timestamp":"2026-04-06T12:10:51.898Z"}
{"level":"info","message":"Supabase alerts realtime status","service":"eye-identify-backend","status":"SUBSCRIBED","timestamp":"2026-04-06T12:10:52.580Z"}
{"level":"info","message":"Server running in undefined mode on port 5001","service":"eye-identify-backend","timestamp":"2026-04-06T12:11:53.277Z"}
{"level":"info","message":"Alert expiry worker started (30000ms)","service":"eye-identify-backend","timestamp":"2026-04-06T12:11:53.283Z"}
{"level":"info","message":"Supabase alerts realtime status","service":"eye-identify-backend","status":"SUBSCRIBED","timestamp":"2026-04-06T12:11:54.108Z"}
{"level":"info","message":"Server running in undefined mode on port 5001","service":"eye-identify-backend","timestamp":"2026-04-06T12:13:13.318Z"}
{"level":"info","message":"Alert expiry worker started (30000ms)","service":"eye-identify-backend","timestamp":"2026-04-06T12:13:13.324Z"}
{"level":"info","message":"Supabase alerts realtime status","service":"eye-identify-backend","status":"SUBSCRIBED","timestamp":"2026-04-06T12:13:14.004Z"}
{"body":null,"level":"info","message":"Inbound Request","method":"POST","path":"/api/notifications/device-token","service":"eye-identify-backend","timestamp":"2026-04-06T12:15:48.162Z"}
{"body":null,"level":"info","message":"Inbound Request","method":"GET","path":"/api/auth/me","service":"eye-identify-backend","timestamp":"2026-04-06T12:15:54.906Z"}
{"body":null,"level":"info","message":"Inbound Request","method":"GET","path":"/api/auth/me","service":"eye-identify-backend","timestamp":"2026-04-06T12:15:54.928Z"}
{"level":"info","message":"WebSocket client connected","service":"eye-identify-backend","timestamp":"2026-04-06T12:15:57.694Z"}
{"level":"info","message":"WebSocket client connected","service":"eye-identify-backend","timestamp":"2026-04-06T12:15:57.698Z"}
{"body":null,"level":"info","message":"Inbound Request","method":"GET","path":"/api/alerts/snapshot","service":"eye-identify-backend","timestamp":"2026-04-06T12:15:58.489Z"}
{"body":null,"level":"info","message":"Inbound Request","method":"GET","path":"/api/alerts/my","service":"eye-identify-backend","timestamp":"2026-04-06T12:15:58.503Z"}
{"body":null,"level":"info","message":"Inbound Request","method":"GET","path":"/api/missing-persons/my","service":"eye-identify-backend","timestamp":"2026-04-06T12:15:58.605Z"}
{"body":null,"level":"info","message":"Inbound Request","method":"GET","path":"/api/missing-persons","service":"eye-identify-backend","timestamp":"2026-04-06T12:15:58.626Z"}
{"body":null,"level":"info","message":"Inbound Request","method":"GET","path":"/api/cameras","service":"eye-identify-backend","timestamp":"2026-04-06T12:15:58.647Z"}
{"body":null,"level":"info","message":"Inbound Request","method":"GET","path":"/api/alerts/snapshot","service":"eye-identify-backend","timestamp":"2026-04-06T12:16:57.741Z"}
{"body":null,"level":"info","message":"Inbound Request","method":"GET","path":"/api/alerts/snapshot","service":"eye-identify-backend","timestamp":"2026-04-06T12:17:57.706Z"}
{"body":null,"level":"info","message":"Inbound Request","method":"GET","path":"/api/alerts/snapshot","service":"eye-identify-backend","timestamp":"2026-04-06T12:18:57.737Z"}
{"body":{"email":"abc@gmail.com"},"level":"info","message":"Inbound Request","method":"POST","path":"/api/auth/login","service":"eye-identify-backend","timestamp":"2026-04-06T12:19:37.502Z"}
{"body":null,"level":"info","message":"Inbound Request","method":"GET","path":"/api/alerts/my","service":"eye-identify-backend","timestamp":"2026-04-06T12:19:39.316Z"}
{"body":null,"level":"info","message":"Inbound Request","method":"GET","path":"/api/missing-persons/my","service":"eye-identify-backend","timestamp":"2026-04-06T12:19:39.424Z"}
{"body":null,"level":"info","message":"Inbound Request","method":"GET","path":"/api/missing-persons","service":"eye-identify-backend","timestamp":"2026-04-06T12:19:39.431Z"}
{"body":null,"level":"info","message":"Inbound Request","method":"GET","path":"/api/cameras","service":"eye-identify-backend","timestamp":"2026-04-06T12:19:39.436Z"}
{"body":null,"level":"info","message":"Inbound Request","method":"GET","path":"/api/alerts/snapshot","service":"eye-identify-backend","timestamp":"2026-04-06T12:19:57.744Z"}
{"body":null,"level":"info","message":"Inbound Request","method":"GET","path":"/api/cameras","service":"eye-identify-backend","timestamp":"2026-04-06T12:20:36.193Z"}
{"body":null,"level":"info","message":"Inbound Request","method":"GET","path":"/api/alerts/snapshot","service":"eye-identify-backend","timestamp":"2026-04-06T12:20:36.204Z"}
{"body":null,"level":"info","message":"Inbound Request","method":"GET","path":"/api/alerts/snapshot","service":"eye-identify-backend","timestamp":"2026-04-06T12:20:57.761Z"}
{"body":null,"level":"info","message":"Inbound Request","method":"GET","path":"/api/alerts/my","service":"eye-identify-backend","timestamp":"2026-04-06T12:21:23.927Z"}
{"body":null,"level":"info","message":"Inbound Request","method":"GET","path":"/api/alerts/snapshot","service":"eye-identify-backend","timestamp":"2026-04-06T12:21:57.808Z"}
{"body":null,"level":"info","message":"Inbound Request","method":"GET","path":"/api/cameras","service":"eye-identify-backend","timestamp":"2026-04-06T12:22:04.382Z"}
{"body":null,"level":"info","message":"Inbound Request","method":"GET","path":"/api/alerts/snapshot","service":"eye-identify-backend","timestamp":"2026-04-06T12:22:04.387Z"}
{"body":null,"level":"info","message":"Inbound Request","method":"GET","path":"/api/alerts/my","service":"eye-identify-backend","timestamp":"2026-04-06T12:22:19.987Z"}
{"body":null,"level":"info","message":"Inbound Request","method":"GET","path":"/api/alerts/snapshot","service":"eye-identify-backend","timestamp":"2026-04-06T12:22:57.703Z"}
{"body":{"email":"abc@gmail.com"},"level":"info","message":"Inbound Request","method":"POST","path":"/api/auth/login","service":"eye-identify-backend","timestamp":"2026-04-06T12:23:17.533Z"}
{"body":null,"level":"info","message":"Inbound Request","method":"GET","path":"/api/alerts/my","service":"eye-identify-backend","timestamp":"2026-04-06T12:23:19.032Z"}
{"body":null,"level":"info","message":"Inbound Request","method":"GET","path":"/api/missing-persons/my","service":"eye-identify-backend","timestamp":"2026-04-06T12:23:19.150Z"}
{"body":null,"level":"info","message":"Inbound Request","method":"GET","path":"/api/missing-persons","service":"eye-identify-backend","timestamp":"2026-04-06T12:23:19.155Z"}
{"body":null,"level":"info","message":"Inbound Request","method":"GET","path":"/api/cameras","service":"eye-identify-backend","timestamp":"2026-04-06T12:23:19.159Z"}
{"body":null,"level":"info","message":"Inbound Request","method":"GET","path":"/api/alerts/snapshot","service":"eye-identify-backend","timestamp":"2026-04-06T12:23:57.778Z"}
{"body":null,"level":"info","message":"Inbound Request","method":"GET","path":"/api/alerts/snapshot","service":"eye-identify-backend","timestamp":"2026-04-06T12:24:57.840Z"}
{"body":null,"level":"info","message":"Inbound Request","method":"GET","path":"/api/alerts/my","service":"eye-identify-backend","timestamp":"2026-04-06T12:25:33.688Z"}
{"body":null,"level":"info","message":"Inbound Request","method":"GET","path":"/api/alerts/snapshot","service":"eye-identify-backend","timestamp":"2026-04-06T12:25:57.849Z"}
{"level":"info","message":"Server running in undefined mode on port 5001","service":"eye-identify-backend","timestamp":"2026-04-06T12:26:32.864Z"}
{"level":"info","message":"Alert expiry worker started (30000ms)","service":"eye-identify-backend","timestamp":"2026-04-06T12:26:32.882Z"}
{"level":"info","message":"Supabase alerts realtime status","service":"eye-identify-backend","status":"SUBSCRIBED","timestamp":"2026-04-06T12:26:33.615Z"}
{"level":"info","message":"Server running in undefined mode on port 5001","service":"eye-identify-backend","timestamp":"2026-04-14T14:31:19.511Z"}
{"level":"info","message":"Alert expiry worker started (30000ms)","service":"eye-identify-backend","timestamp":"2026-04-14T14:31:19.518Z"}
{"level":"info","message":"Supabase alerts realtime status","service":"eye-identify-backend","status":"SUBSCRIBED","timestamp":"2026-04-14T14:31:21.509Z"}
{"level":"info","message":"Server running in undefined mode on port 5001","service":"eye-identify-backend","timestamp":"2026-04-14T15:07:50.985Z"}
{"level":"info","message":"Alert expiry worker started (30000ms)","service":"eye-identify-backend","timestamp":"2026-04-14T15:07:50.991Z"}
{"level":"info","message":"Supabase alerts realtime status","service":"eye-identify-backend","status":"SUBSCRIBED","timestamp":"2026-04-14T15:07:56.798Z"}
{"level":"info","message":"Supabase alerts realtime status","service":"eye-identify-backend","status":"CHANNEL_ERROR","timestamp":"2026-04-14T15:46:45.485Z"}
{"level":"info","message":"Supabase alerts realtime status","service":"eye-identify-backend","status":"SUBSCRIBED","timestamp":"2026-04-14T15:46:48.735Z"}
{"body":null,"level":"info","message":"Inbound Request","method":"POST","path":"/api/notifications/device-token","service":"eye-identify-backend","timestamp":"2026-04-14T15:46:56.856Z"}
{"body":{"email":"abc@gmail.com"},"level":"info","message":"Inbound Request","method":"POST","path":"/api/auth/login","service":"eye-identify-backend","timestamp":"2026-04-14T15:47:25.425Z"}
{"level":"info","message":"WebSocket client connected","service":"eye-identify-backend","timestamp":"2026-04-14T15:47:27.378Z"}
{"level":"info","message":"WebSocket client connected","service":"eye-identify-backend","timestamp":"2026-04-14T15:47:27.379Z"}
{"body":null,"level":"info","message":"Inbound Request","method":"GET","path":"/api/alerts/snapshot","service":"eye-identify-backend","timestamp":"2026-04-14T15:47:27.672Z"}
{"body":null,"level":"info","message":"Inbound Request","method":"GET","path":"/api/alerts/my","service":"eye-identify-backend","timestamp":"2026-04-14T15:47:27.734Z"}
{"body":null,"level":"info","message":"Inbound Request","method":"GET","path":"/api/missing-persons/my","service":"eye-identify-backend","timestamp":"2026-04-14T15:47:27.750Z"}
{"body":null,"level":"info","message":"Inbound Request","method":"GET","path":"/api/missing-persons","service":"eye-identify-backend","timestamp":"2026-04-14T15:47:27.758Z"}
{"body":null,"level":"info","message":"Inbound Request","method":"GET","path":"/api/cameras","service":"eye-identify-backend","timestamp":"2026-04-14T15:47:27.770Z"}
{"body":null,"level":"info","message":"Inbound Request","method":"GET","path":"/api/cameras","service":"eye-identify-backend","timestamp":"2026-04-14T15:47:42.317Z"}
{"body":null,"level":"info","message":"Inbound Request","method":"GET","path":"/api/alerts/snapshot","service":"eye-identify-backend","timestamp":"2026-04-14T15:47:42.325Z"}
{"body":null,"level":"info","message":"Inbound Request","method":"GET","path":"/api/alerts/my","service":"eye-identify-backend","timestamp":"2026-04-14T15:48:03.880Z"}
{"body":null,"level":"info","message":"Inbound Request","method":"GET","path":"/api/alerts/snapshot","service":"eye-identify-backend","timestamp":"2026-04-14T15:48:27.435Z"}
{"level":"info","message":"Server running in undefined mode on port 5001","service":"eye-identify-backend","timestamp":"2026-04-15T06:45:47.231Z"}
{"level":"info","message":"Alert expiry worker started (30000ms)","service":"eye-identify-backend","timestamp":"2026-04-15T06:45:47.240Z"}
{"level":"info","message":"Supabase alerts realtime status","service":"eye-identify-backend","status":"CHANNEL_ERROR","timestamp":"2026-04-15T06:45:47.268Z"}
{"level":"info","message":"Supabase alerts realtime status","service":"eye-identify-backend","status":"TIMED_OUT","timestamp":"2026-04-15T06:45:57.229Z"}
{"error":"TypeError: fetch failed","level":"error","message":"Alert expiry sweep failed","service":"eye-identify-backend","timestamp":"2026-04-15T06:46:17.258Z"}
{"error":"TypeError: fetch failed","level":"error","message":"Alert expiry sweep failed","service":"eye-identify-backend","timestamp":"2026-04-15T06:46:47.251Z"}
{"error":"TypeError: fetch failed","level":"error","message":"Alert expiry sweep failed","service":"eye-identify-backend","timestamp":"2026-04-15T06:47:17.253Z"}
{"body":null,"level":"info","message":"Inbound Request","method":"POST","path":"/api/notifications/device-token","service":"eye-identify-backend","timestamp":"2026-04-15T06:47:45.993Z"}
{"error":"TypeError: fetch failed","level":"error","message":"Alert expiry sweep failed","service":"eye-identify-backend","timestamp":"2026-04-15T06:47:47.265Z"}
{"body":null,"level":"info","message":"Inbound Request","method":"GET","path":"/api/auth/me","service":"eye-identify-backend","timestamp":"2026-04-15T06:47:51.946Z"}
{"body":null,"level":"info","message":"Inbound Request","method":"GET","path":"/api/auth/me","service":"eye-identify-backend","timestamp":"2026-04-15T06:47:51.962Z"}
{"level":"info","message":"WebSocket client connected","service":"eye-identify-backend","timestamp":"2026-04-15T06:47:54.067Z"}
{"level":"info","message":"WebSocket client connected","service":"eye-identify-backend","timestamp":"2026-04-15T06:47:54.075Z"}
{"body":null,"level":"info","message":"Inbound Request","method":"GET","path":"/api/alerts/snapshot","service":"eye-identify-backend","timestamp":"2026-04-15T06:47:54.815Z"}
{"body":null,"level":"info","message":"Inbound Request","method":"GET","path":"/api/alerts/my","service":"eye-identify-backend","timestamp":"2026-04-15T06:47:54.843Z"}
{"body":null,"level":"info","message":"Inbound Request","method":"GET","path":"/api/missing-persons/my","service":"eye-identify-backend","timestamp":"2026-04-15T06:47:54.936Z"}
{"body":null,"level":"info","message":"Inbound Request","method":"GET","path":"/api/missing-persons","service":"eye-identify-backend","timestamp":"2026-04-15T06:47:54.948Z"}
{"body":null,"level":"info","message":"Inbound Request","method":"GET","path":"/api/cameras","service":"eye-identify-backend","timestamp":"2026-04-15T06:47:54.959Z"}
{"body":null,"level":"info","message":"Inbound Request","method":"GET","path":"/api/alerts/snapshot","service":"eye-identify-backend","timestamp":"2026-04-15T06:48:00.203Z"}
{"body":null,"level":"info","message":"Inbound Request","method":"GET","path":"/api/alerts/snapshot","service":"eye-identify-backend","timestamp":"2026-04-15T06:48:10.399Z"}
{"error":"TypeError: fetch failed","level":"error","message":"Alert expiry sweep failed","service":"eye-identify-backend","timestamp":"2026-04-15T06:48:17.293Z"}
{"body":null,"level":"info","message":"Inbound Request","method":"GET","path":"/api/alerts/snapshot","service":"eye-identify-backend","timestamp":"2026-04-15T06:48:30.589Z"}
{"error":"TypeError: fetch failed","level":"error","message":"Alert expiry sweep failed","service":"eye-identify-backend","timestamp":"2026-04-15T06:48:47.289Z"}
{"body":null,"level":"info","message":"Inbound Request","method":"GET","path":"/api/alerts/snapshot","service":"eye-identify-backend","timestamp":"2026-04-15T06:48:54.121Z"}
{"error":"TypeError: fetch failed","level":"error","message":"Alert expiry sweep failed","service":"eye-identify-backend","timestamp":"2026-04-15T06:49:17.300Z"}
{"body":null,"level":"info","message":"Inbound Request","method":"GET","path":"/api/alerts/snapshot","service":"eye-identify-backend","timestamp":"2026-04-15T06:49:34.421Z"}
{"error":"TypeError: fetch failed","level":"error","message":"Alert expiry sweep failed","service":"eye-identify-backend","timestamp":"2026-04-15T06:49:47.315Z"}
{"body":null,"level":"info","message":"Inbound Request","method":"GET","path":"/api/alerts/snapshot","service":"eye-identify-backend","timestamp":"2026-04-15T06:49:55.823Z"}
{"error":"TypeError: fetch failed","level":"error","message":"Alert expiry sweep failed","service":"eye-identify-backend","timestamp":"2026-04-15T06:50:17.321Z"}
{"error":"TypeError: fetch failed","level":"error","message":"Alert expiry sweep failed","service":"eye-identify-backend","timestamp":"2026-04-15T06:50:47.333Z"}
{"body":null,"level":"info","message":"Inbound Request","method":"GET","path":"/api/alerts/snapshot","service":"eye-identify-backend","timestamp":"2026-04-15T06:50:54.219Z"}
{"error":"TypeError: fetch failed","level":"error","message":"Alert expiry sweep failed","service":"eye-identify-backend","timestamp":"2026-04-15T06:51:17.339Z"}
{"body":null,"level":"info","message":"Inbound Request","method":"GET","path":"/api/alerts/snapshot","service":"eye-identify-backend","timestamp":"2026-04-15T06:51:54.059Z"}
{"body":{"email":"abc@gmail.com"},"level":"info","message":"Inbound Request","method":"POST","path":"/api/auth/login","service":"eye-identify-backend","timestamp":"2026-04-15T06:51:58.320Z"}
{"body":null,"level":"info","message":"Inbound Request","method":"GET","path":"/api/alerts/my","service":"eye-identify-backend","timestamp":"2026-04-15T06:52:00.881Z"}
{"body":null,"level":"info","message":"Inbound Request","method":"GET","path":"/api/missing-persons/my","service":"eye-identify-backend","timestamp":"2026-04-15T06:52:00.982Z"}
{"body":null,"level":"info","message":"Inbound Request","method":"GET","path":"/api/missing-persons","service":"eye-identify-backend","timestamp":"2026-04-15T06:52:00.989Z"}
{"body":null,"level":"info","message":"Inbound Request","method":"GET","path":"/api/cameras","service":"eye-identify-backend","timestamp":"2026-04-15T06:52:00.995Z"}
{"body":null,"level":"info","message":"Inbound Request","method":"GET","path":"/api/cameras","service":"eye-identify-backend","timestamp":"2026-04-15T06:52:25.509Z"}
{"body":null,"level":"info","message":"Inbound Request","method":"GET","path":"/api/alerts/snapshot","service":"eye-identify-backend","timestamp":"2026-04-15T06:52:25.515Z"}
{"body":null,"level":"info","message":"Inbound Request","method":"GET","path":"/api/alerts/my","service":"eye-identify-backend","timestamp":"2026-04-15T06:52:29.215Z"}
{"body":null,"level":"info","message":"Inbound Request","method":"GET","path":"/api/alerts/snapshot","service":"eye-identify-backend","timestamp":"2026-04-15T06:52:54.114Z"}
{"body":null,"level":"info","message":"Inbound Request","method":"GET","path":"/api/alerts/snapshot","service":"eye-identify-backend","timestamp":"2026-04-15T06:53:14.328Z"}
{"body":null,"level":"info","message":"Inbound Request","method":"GET","path":"/api/alerts/snapshot","service":"eye-identify-backend","timestamp":"2026-04-15T06:53:54.091Z"}
{"body":null,"level":"info","message":"Inbound Request","method":"GET","path":"/api/alerts/snapshot","service":"eye-identify-backend","timestamp":"2026-04-15T06:54:28.568Z"}
{"body":null,"level":"info","message":"Inbound Request","method":"GET","path":"/api/alerts/snapshot","service":"eye-identify-backend","timestamp":"2026-04-15T06:54:54.097Z"}
{"body":null,"level":"info","message":"Inbound Request","method":"GET","path":"/api/alerts/snapshot","service":"eye-identify-backend","timestamp":"2026-04-15T06:55:54.064Z"}
{"body":null,"level":"info","message":"Inbound Request","method":"GET","path":"/api/alerts/snapshot","service":"eye-identify-backend","timestamp":"2026-04-15T06:56:54.802Z"}
{"body":null,"level":"info","message":"Inbound Request","method":"GET","path":"/api/alerts/snapshot","service":"eye-identify-backend","timestamp":"2026-04-15T06:57:54.063Z"}
{"body":null,"level":"info","message":"Inbound Request","method":"GET","path":"/api/alerts/snapshot","service":"eye-identify-backend","timestamp":"2026-04-15T06:58:54.033Z"}
{"body":null,"level":"info","message":"Inbound Request","method":"GET","path":"/api/alerts/snapshot","service":"eye-identify-backend","timestamp":"2026-04-15T06:59:54.093Z"}
{"caseId":2,"error":"Input is not valid: Values in input.hashtags at positions [0] must match regular expression \"^[^!?.,:;\\-+=*&%$#@/\\~^|<>()[\\]{}\"'`\\s]+$\"","level":"error","message":"Social scan case failed","service":"eye-identify-backend","timestamp":"2026-04-15T07:00:02.504Z"}
{"caseId":3,"error":"Input is not valid: Values in input.hashtags at positions [0,1] must match regular expression \"^[^!?.,:;\\-+=*&%$#@/\\~^|<>()[\\]{}\"'`\\s]+$\"","level":"error","message":"Social scan case failed","service":"eye-identify-backend","timestamp":"2026-04-15T07:00:05.351Z"}
{"caseId":4,"error":"Input is not valid: Values in input.hashtags at positions [0,1] must match regular expression \"^[^!?.,:;\\-+=*&%$#@/\\~^|<>()[\\]{}\"'`\\s]+$\"","level":"error","message":"Social scan case failed","service":"eye-identify-backend","timestamp":"2026-04-15T07:00:07.321Z"}
{"caseId":5,"error":"Input is not valid: Values in input.hashtags at positions [0,1] must match regular expression \"^[^!?.,:;\\-+=*&%$#@/\\~^|<>()[\\]{}\"'`\\s]+$\"","level":"error","message":"Social scan case failed","service":"eye-identify-backend","timestamp":"2026-04-15T07:00:08.356Z"}
{"caseId":6,"error":"Input is not valid: Values in input.hashtags at positions [0,1] must match regular expression \"^[^!?.,:;\\-+=*&%$#@/\\~^|<>()[\\]{}\"'`\\s]+$\"","level":"error","message":"Social scan case failed","service":"eye-identify-backend","timestamp":"2026-04-15T07:00:10.216Z"}
{"caseId":7,"error":"Input is not valid: Values in input.hashtags at positions [0,1] must match regular expression \"^[^!?.,:;\\-+=*&%$#@/\\~^|<>()[\\]{}\"'`\\s]+$\"","level":"error","message":"Social scan case failed","service":"eye-identify-backend","timestamp":"2026-04-15T07:00:11.278Z"}
{"body":null,"level":"info","message":"Inbound Request","method":"GET","path":"/api/alerts/snapshot","service":"eye-identify-backend","timestamp":"2026-04-15T07:00:54.127Z"}
{"body":null,"level":"info","message":"Inbound Request","method":"GET","path":"/api/alerts/snapshot","service":"eye-identify-backend","timestamp":"2026-04-15T07:01:54.341Z"}
{"level":"info","message":"WebSocket client disconnected","service":"eye-identify-backend","timestamp":"2026-04-15T07:02:49.937Z"}
{"level":"info","message":"WebSocket client disconnected","service":"eye-identify-backend","timestamp":"2026-04-15T07:02:49.938Z"}
{"body":null,"level":"info","message":"Inbound Request","method":"POST","path":"/api/notifications/device-token","service":"eye-identify-backend","timestamp":"2026-04-15T07:23:19.974Z"}
{"body":null,"level":"info","message":"Inbound Request","method":"GET","path":"/api/auth/me","service":"eye-identify-backend","timestamp":"2026-04-15T07:23:26.917Z"}
{"body":null,"level":"info","message":"Inbound Request","method":"GET","path":"/api/auth/me","service":"eye-identify-backend","timestamp":"2026-04-15T07:23:26.926Z"}
{"level":"info","message":"WebSocket client connected","service":"eye-identify-backend","timestamp":"2026-04-15T07:23:30.736Z"}
{"level":"info","message":"WebSocket client connected","service":"eye-identify-backend","timestamp":"2026-04-15T07:23:30.741Z"}
{"body":null,"level":"info","message":"Inbound Request","method":"GET","path":"/api/alerts/snapshot","service":"eye-identify-backend","timestamp":"2026-04-15T07:23:32.139Z"}
{"body":null,"level":"info","message":"Inbound Request","method":"GET","path":"/api/alerts/my","service":"eye-identify-backend","timestamp":"2026-04-15T07:23:32.146Z"}
{"body":null,"level":"info","message":"Inbound Request","method":"GET","path":"/api/missing-persons/my","service":"eye-identify-backend","timestamp":"2026-04-15T07:23:32.151Z"}
{"body":null,"level":"info","message":"Inbound Request","method":"GET","path":"/api/missing-persons","service":"eye-identify-backend","timestamp":"2026-04-15T07:23:32.159Z"}
{"body":null,"level":"info","message":"Inbound Request","method":"GET","path":"/api/cameras","service":"eye-identify-backend","timestamp":"2026-04-15T07:23:32.166Z"}
{"body":null,"level":"info","message":"Inbound Request","method":"GET","path":"/api/alerts/snapshot","service":"eye-identify-backend","timestamp":"2026-04-15T07:24:30.872Z"}
{"body":null,"level":"info","message":"Inbound Request","method":"GET","path":"/api/alerts/snapshot","service":"eye-identify-backend","timestamp":"2026-04-15T07:25:30.872Z"}
{"body":null,"level":"info","message":"Inbound Request","method":"GET","path":"/api/alerts/snapshot","service":"eye-identify-backend","timestamp":"2026-04-15T07:26:30.795Z"}
{"body":null,"level":"info","message":"Inbound Request","method":"GET","path":"/api/alerts/snapshot","service":"eye-identify-backend","timestamp":"2026-04-15T07:27:30.919Z"}
{"body":null,"level":"info","message":"Inbound Request","method":"GET","path":"/api/alerts/snapshot","service":"eye-identify-backend","timestamp":"2026-04-15T07:28:30.852Z"}
{"body":null,"level":"info","message":"Inbound Request","method":"GET","path":"/api/alerts/snapshot","service":"eye-identify-backend","timestamp":"2026-04-15T07:29:30.852Z"}
{"body":{"email":"abc@gmail.com"},"level":"info","message":"Inbound Request","method":"POST","path":"/api/auth/login","service":"eye-identify-backend","timestamp":"2026-04-15T07:30:12.634Z"}
{"body":null,"level":"info","message":"Inbound Request","method":"GET","path":"/api/alerts/my","service":"eye-identify-backend","timestamp":"2026-04-15T07:30:15.057Z"}
{"body":null,"level":"info","message":"Inbound Request","method":"GET","path":"/api/missing-persons/my","service":"eye-identify-backend","timestamp":"2026-04-15T07:30:15.137Z"}
{"body":null,"level":"info","message":"Inbound Request","method":"GET","path":"/api/missing-persons","service":"eye-identify-backend","timestamp":"2026-04-15T07:30:15.151Z"}
{"body":null,"level":"info","message":"Inbound Request","method":"GET","path":"/api/cameras","service":"eye-identify-backend","timestamp":"2026-04-15T07:30:15.158Z"}
{"body":null,"level":"info","message":"Inbound Request","method":"GET","path":"/api/cameras","service":"eye-identify-backend","timestamp":"2026-04-15T07:30:29.139Z"}
{"body":null,"level":"info","message":"Inbound Request","method":"GET","path":"/api/alerts/snapshot","service":"eye-identify-backend","timestamp":"2026-04-15T07:30:29.146Z"}
{"body":null,"level":"info","message":"Inbound Request","method":"GET","path":"/api/alerts/my","service":"eye-identify-backend","timestamp":"2026-04-15T07:30:29.637Z"}
{"body":null,"level":"info","message":"Inbound Request","method":"GET","path":"/api/alerts/snapshot","service":"eye-identify-backend","timestamp":"2026-04-15T07:30:42.234Z"}
{"body":null,"level":"info","message":"Inbound Request","method":"GET","path":"/api/alerts/snapshot","service":"eye-identify-backend","timestamp":"2026-04-15T07:30:50.133Z"}
{"level":"info","message":"Server running in undefined mode on port 5001","service":"eye-identify-backend","timestamp":"2026-04-17T14:04:33.967Z"}
{"level":"info","message":"Alert expiry worker started (30000ms)","service":"eye-identify-backend","timestamp":"2026-04-17T14:04:33.975Z"}
{"level":"info","message":"Supabase alerts realtime status","service":"eye-identify-backend","status":"SUBSCRIBED","timestamp":"2026-04-17T14:04:36.369Z"}
{"body":null,"level":"info","message":"Inbound Request","method":"GET","path":"/api/alerts/snapshot","service":"eye-identify-backend","timestamp":"2026-04-17T14:05:21.514Z"}
{"body":null,"level":"info","message":"Inbound Request","method":"GET","path":"/api/alerts/snapshot","service":"eye-identify-backend","timestamp":"2026-04-17T14:05:30.320Z"}
{"body":null,"level":"info","message":"Inbound Request","method":"GET","path":"/api/alerts/snapshot","service":"eye-identify-backend","timestamp":"2026-04-17T14:05:41.620Z"}
{"body":null,"level":"info","message":"Inbound Request","method":"GET","path":"/api/alerts/snapshot","service":"eye-identify-backend","timestamp":"2026-04-17T14:06:02.957Z"}
{"body":null,"level":"info","message":"Inbound Request","method":"GET","path":"/api/alerts/snapshot","service":"eye-identify-backend","timestamp":"2026-04-17T14:06:18.629Z"}
{"body":null,"level":"info","message":"Inbound Request","method":"GET","path":"/api/alerts/snapshot","service":"eye-identify-backend","timestamp":"2026-04-17T14:06:59.981Z"}
{"body":null,"level":"info","message":"Inbound Request","method":"GET","path":"/api/alerts/snapshot","service":"eye-identify-backend","timestamp":"2026-04-17T14:07:18.550Z"}
{"body":null,"level":"info","message":"Inbound Request","method":"GET","path":"/api/alerts/snapshot","service":"eye-identify-backend","timestamp":"2026-04-17T14:08:18.606Z"}
{"body":null,"level":"info","message":"Inbound Request","method":"GET","path":"/api/alerts/snapshot","service":"eye-identify-backend","timestamp":"2026-04-17T14:09:18.565Z"}
{"body":null,"level":"info","message":"Inbound Request","method":"GET","path":"/api/alerts/snapshot","service":"eye-identify-backend","timestamp":"2026-04-17T14:10:18.602Z"}
{"body":null,"level":"info","message":"Inbound Request","method":"GET","path":"/api/alerts/snapshot","service":"eye-identify-backend","timestamp":"2026-04-17T14:11:18.581Z"}
{"body":null,"level":"info","message":"Inbound Request","method":"GET","path":"/api/alerts/snapshot","service":"eye-identify-backend","timestamp":"2026-04-17T14:12:18.600Z"}
{"body":null,"level":"info","message":"Inbound Request","method":"GET","path":"/api/alerts/snapshot","service":"eye-identify-backend","timestamp":"2026-04-17T14:13:18.704Z"}
{"body":null,"level":"info","message":"Inbound Request","method":"GET","path":"/api/alerts/snapshot","service":"eye-identify-backend","timestamp":"2026-04-17T14:14:18.613Z"}
{"body":null,"level":"info","message":"Inbound Request","method":"GET","path":"/api/alerts/snapshot","service":"eye-identify-backend","timestamp":"2026-04-17T14:15:18.622Z"}
{"body":null,"level":"info","message":"Inbound Request","method":"GET","path":"/api/alerts/snapshot","service":"eye-identify-backend","timestamp":"2026-04-17T14:16:18.575Z"}
{"body":null,"level":"info","message":"Inbound Request","method":"GET","path":"/api/alerts/snapshot","service":"eye-identify-backend","timestamp":"2026-04-17T14:17:18.600Z"}
{"body":null,"level":"info","message":"Inbound Request","method":"GET","path":"/api/alerts/snapshot","service":"eye-identify-backend","timestamp":"2026-04-17T14:18:18.642Z"}
{"body":null,"level":"info","message":"Inbound Request","method":"GET","path":"/api/alerts/snapshot","service":"eye-identify-backend","timestamp":"2026-04-17T14:19:18.630Z"}
{"body":null,"level":"info","message":"Inbound Request","method":"GET","path":"/api/alerts/snapshot","service":"eye-identify-backend","timestamp":"2026-04-17T14:20:18.628Z"}
{"body":null,"level":"info","message":"Inbound Request","method":"GET","path":"/api/alerts/snapshot","service":"eye-identify-backend","timestamp":"2026-04-17T14:21:18.545Z"}
{"body":null,"level":"info","message":"Inbound Request","method":"POST","path":"/api/notifications/device-token","service":"eye-identify-backend","timestamp":"2026-04-17T14:23:32.259Z"}
{"body":null,"level":"info","message":"Inbound Request","method":"GET","path":"/api/auth/me","service":"eye-identify-backend","timestamp":"2026-04-17T14:23:46.609Z"}
{"body":null,"level":"info","message":"Inbound Request","method":"GET","path":"/api/auth/me","service":"eye-identify-backend","timestamp":"2026-04-17T14:23:46.679Z"}
{"level":"info","message":"WebSocket client connected","service":"eye-identify-backend","timestamp":"2026-04-17T14:23:52.848Z"}
{"level":"info","message":"WebSocket client connected","service":"eye-identify-backend","timestamp":"2026-04-17T14:23:52.859Z"}
{"body":null,"level":"info","message":"Inbound Request","method":"GET","path":"/api/alerts/snapshot","service":"eye-identify-backend","timestamp":"2026-04-17T14:23:54.020Z"}
{"body":null,"level":"info","message":"Inbound Request","method":"GET","path":"/api/alerts/my","service":"eye-identify-backend","timestamp":"2026-04-17T14:23:54.033Z"}
{"body":null,"level":"info","message":"Inbound Request","method":"GET","path":"/api/missing-persons/my","service":"eye-identify-backend","timestamp":"2026-04-17T14:23:54.069Z"}
{"body":null,"level":"info","message":"Inbound Request","method":"GET","path":"/api/missing-persons","service":"eye-identify-backend","timestamp":"2026-04-17T14:23:54.087Z"}
{"body":null,"level":"info","message":"Inbound Request","method":"GET","path":"/api/cameras","service":"eye-identify-backend","timestamp":"2026-04-17T14:23:54.096Z"}
{"body":null,"level":"info","message":"Inbound Request","method":"GET","path":"/api/alerts/snapshot","service":"eye-identify-backend","timestamp":"2026-04-17T14:23:59.959Z"}
{"body":null,"level":"info","message":"Inbound Request","method":"GET","path":"/api/alerts/snapshot","service":"eye-identify-backend","timestamp":"2026-04-17T14:24:10.621Z"}
{"body":null,"level":"info","message":"Inbound Request","method":"GET","path":"/api/alerts/snapshot","service":"eye-identify-backend","timestamp":"2026-04-17T14:24:31.855Z"}
{"body":null,"level":"info","message":"Inbound Request","method":"GET","path":"/api/alerts/snapshot","service":"eye-identify-backend","timestamp":"2026-04-17T14:24:52.985Z"}
{"body":null,"level":"info","message":"Inbound Request","method":"GET","path":"/api/alerts/snapshot","service":"eye-identify-backend","timestamp":"2026-04-17T14:25:33.585Z"}
{"body":null,"level":"info","message":"Inbound Request","method":"GET","path":"/api/alerts/snapshot","service":"eye-identify-backend","timestamp":"2026-04-17T14:25:53.046Z"}
{"body":null,"level":"info","message":"Inbound Request","method":"GET","path":"/api/alerts/snapshot","service":"eye-identify-backend","timestamp":"2026-04-17T14:26:53.090Z"}
{"body":null,"level":"info","message":"Inbound Request","method":"GET","path":"/api/alerts/snapshot","service":"eye-identify-backend","timestamp":"2026-04-17T14:27:52.966Z"}
{"body":null,"level":"info","message":"Inbound Request","method":"GET","path":"/api/alerts/snapshot","service":"eye-identify-backend","timestamp":"2026-04-17T14:28:52.907Z"}
{"body":{"email":"abc@gmail.com"},"level":"info","message":"Inbound Request","method":"POST","path":"/api/auth/login","service":"eye-identify-backend","timestamp":"2026-04-17T14:29:16.470Z"}
{"body":null,"level":"info","message":"Inbound Request","method":"GET","path":"/api/alerts/my","service":"eye-identify-backend","timestamp":"2026-04-17T14:29:19.268Z"}
{"body":null,"level":"info","message":"Inbound Request","method":"GET","path":"/api/missing-persons/my","service":"eye-identify-backend","timestamp":"2026-04-17T14:29:19.307Z"}
{"body":null,"level":"info","message":"Inbound Request","method":"GET","path":"/api/missing-persons","service":"eye-identify-backend","timestamp":"2026-04-17T14:29:19.313Z"}
{"body":null,"level":"info","message":"Inbound Request","method":"GET","path":"/api/cameras","service":"eye-identify-backend","timestamp":"2026-04-17T14:29:19.323Z"}
{"body":null,"level":"info","message":"Inbound Request","method":"GET","path":"/api/alerts/snapshot","service":"eye-identify-backend","timestamp":"2026-04-17T14:29:52.779Z"}
{"body":null,"level":"info","message":"Inbound Request","method":"GET","path":"/api/cameras","service":"eye-identify-backend","timestamp":"2026-04-17T14:30:06.085Z"}
{"body":null,"level":"info","message":"Inbound Request","method":"GET","path":"/api/alerts/snapshot","service":"eye-identify-backend","timestamp":"2026-04-17T14:30:06.089Z"}
{"body":null,"level":"info","message":"Inbound Request","method":"GET","path":"/api/alerts/snapshot","service":"eye-identify-backend","timestamp":"2026-04-17T14:30:13.253Z"}
{"body":null,"level":"info","message":"Inbound Request","method":"GET","path":"/api/alerts/my","service":"eye-identify-backend","timestamp":"2026-04-17T14:30:51.308Z"}
{"body":null,"level":"info","message":"Inbound Request","method":"GET","path":"/api/alerts/snapshot","service":"eye-identify-backend","timestamp":"2026-04-17T14:30:52.958Z"}
{"body":null,"level":"info","message":"Inbound Request","method":"GET","path":"/api/alerts/snapshot","service":"eye-identify-backend","timestamp":"2026-04-17T14:31:52.850Z"}
{"body":null,"level":"info","message":"Inbound Request","method":"GET","path":"/api/alerts/snapshot","service":"eye-identify-backend","timestamp":"2026-04-17T14:32:52.859Z"}
